Description,total_quantity_sold
Airline Bag Vintage Jet Red,4
Airline Bag Vintage Tokyo,4
Alarm Clock Bakelike Red,4
Ant Copper Lime Boudicca Bracelet,6
Babushka Lights String,6
Babushka Nesting Boxes,6
Baking Mould Heart White Chocolate,1
Baking Mould Rose Milk Chocolate,6
Baking Mould Rose White Chocolate,6
Baking Spaceboy,5
Bath Building Block Word,3
Beach Hut Shelf W Drawers,4
Belle Jardiniere Cushion Cover,4
Bicycle Puncture Repair Kit,6
Biscuit Tin Vintage Green,2
Black And White Dog Bowl,6
Black Baroque Cuckoo Clock,6
Black/Blue Polkadot Umbrella,3
Blue Circles Monkey Doll,6
Blue Giant Garden Thermometer,4
Blue Owl Soft Toy,6
Blue Padded Soft Mobile,3
Blue Party Bags,6
Blue Polkadot Coffee Mug,6
Blue Polkadot Washing Up Gloves,6
Blue Scottie Dog W Flower Pattern,6
Blue Spotty Purse,6
Boom Box Speaker Boys,4
Box Colour Teaspoons,6
Box Mini Vintage Crackers,6
Box Pebble Candles,6
Box Vintage Alphabet Blocks,6
Bread Bin Diner Style Ivory,4
Cake Plate Lovebird Pink,6
Cake Plate Lovebird White,6
Cake Stand Lace White,6
Cake Stand Lovebird Tier Pink,2
Cake Stand White Two Tier Lace,4
Calendar Family Favourites,6
Candy Spot Apron,3
Cardholder Gingham Christmas Tree,6
Carousel Des Child S Overall,6
Cat Bowl Vintage Cream,6
Ceramic Bowl With Love Heart,6
Ceramic Cherry Cake Money Bank,6
Charlie+Lola Red Hot Water Bottle,3
Chest Drawers Gingham Heart,1
Children S Apron Dolly Girl,6
Childs Breakfast Dolly Girl,4
Childs Garden Brush Blue,6
Childs Garden Rake Pink,6
Childs Garden Spade Blue,6
Chocolate This Way Metal Sign,3
Christmas Craft Heart Stocking,6
Circus Parade Baby Gift,5
Clam Shell Small,1
Clear Milkshake Glass,6
Colour Mini Cases,4
Colourful Fishing Gnome,3
Cooking Retrospot,3
Cosy Slipper Shoes Small Green,6
Cotton Apron Pantry,2
Country Cottage Doorstop Green,3
Cream Slice Flannel Chocolate Spot,6
Cream Sweetheart Letter Rack,4
Cream Sweetheart Wall Cabinet,1
Cream Wall Planter Heart Shaped,2
Cupid Scented Candles,6
Cushion Cover Pink Union Jack,2
Cutlery Pantry,2
Dairy Maid Large Milk Jug,3
Danish Rose Planters,3
Danish Rose Round Sewing Box,3
Dog Toy With Pink Crochet Skirt,4
Dolly Girl Baby Gift,6
Dolly Girl Mini Backpack,4
Door Mat Friendship,6
Door Mat Green Paisley,2
Doormat Black Flock,2
Doormat Christmas Village,2
Doormat Fairy Cake,2
Doormat Home Sweet Home Blue,6
Doormat Keep Calm And Come In,6
Doormat Multicolour Stripe,6
Doormat Neighbourhood Witch,2
Doormat New England,2
Doormat Topiary,6
Doormat Union Jack Guns And Roses,1
Doormat Welcome Puppies,6
Drawer Knob Ceramic Red,6
Drawer Knob Crackle Glaze Blue,6
Drawer Knob Crackle Glaze Pink,6
Drawer Knob Vintage Glass Star,6
Egg House Painted Wood,2
Embroidered Ribbon Reel Emily,6
Embroidered Ribbon Reel Rebecca,6
Embroidered Ribbon Reel Rosie,6
Embroidered Ribbon Reel Ruby,6
Embroidered Ribbon Reel Sally,6
Empire Union Jack Tv Dinner Tray,3
Enamel Blue Rim Biscuit Bin,3
Enamel Flower Jug Cream,6
English Rose Quilted Throw,6
English Rose Table Cloth,2
Fairy Cake Birthday Candle,4
Feltcraft Doll Maria,6
Feltcraft Girl Nicole Kit,4
Feltcraft Princess Olivia Doll,4
Flamingo Lights,4
Floral Bathroom,6
Floral Elephant Soft Toy,6
Flower Fairy Candles Lavender,2
Flying Pig Watering Can,6
Folding Umbrella Red/White Polkadot,4
French Enamel Water Basin,4
French Style Embossed Heart Cabinet,1
Frying Pan Union Flag,4
Gingham Recipe Book Box,4
Girly Pink Tool,4
Glass Apothecary Bottle Elixir,4
Glass Apothecary Bottle Tonic,4
Glass Chalice Blue Small,6
Glass Jar Digestive Biscuits,6
Glass Jar English Confectionery,6
Gumball Magazine Rack,6
Handbag Gift Boxes,6
Herb Tins Sketchbook,4
Home Sweet Home Cushion Cover,4
Home Sweet Home Key Holder,6
Home Sweet Home Metal Sign,6
Ivory Cafe Hanging Lamp,2
Ivory Embroidered Quilt,1
Ivory Giant Garden Thermometer,4
Ivory String Curtain With Pole,4
Joy Large Wood Letters,5
Key Cabinet Ma Campagne,2
Kings Choice Tea Caddy,6
Knick Knack Tins London,6
Landmark Frame London Bridge,3
Lanterns Fairy Light Star,4
Large Red Retrospot Windmill,6
Lavender Botanical T-Lights,6
Le Grand Tray Chic,3
Le Jardin Botanique Cushion Cover,2
Light Garland Butterfiles Pink,4
Lolita Cotton Tote Bag,6
Love Large Wood Letters,1
Magic Drawing Slate Leap Frog,1
Measuring Tape Babushka Blue,6
Metal Decoration Naughty Children,4
Metal Sign Her Dinner Is Served,6
Milk Pan Blue Retrospot,4
Mirrored Wall Art Skulls,4
More Butter Metal Sign,6
Mother S Kitchen Spoon Rest,6
Mouse Toy With Pink T-Shirt,4
Napkin Charms Crowns,6
Natural Bark Candle Large,3
Natural Slate Heart Chalkboard,6
New Baroque Jewellery Box,2
Novelty Biscuits Cake Stand Tier,2
Office Mug Warmer Choc+Blue,6
Organiser Wood Antique White,2
Overnight Bag Vintage Rose Paisley,5
Pack/12 Blue Folkart Cards,6
Pair Padded Hangers Pink Check,4
Paper Bunting Vintage Paisley,6
Paper Bunting Vintage Party,6
Paper Chain Kit Skulls,6
Paper Lantern Point Snow Star,3
Paperweight Vintage Collage,6
Parisienne Curio Cabinet,6
Parisienne Jewellery Drawer,6
Parisienne Sewing Box,4
Parlour Ceramic Wall Hook,4
Peg Bag Apples,6
Picnic Boxes Retrospot,4
Piggy Bank Retrospot,4
Pin Cushion Babushka Red,6
Ping Microwave Plate,4
Pink Baby Bunting,5
Pink Heart Candy Button Calculator,6
Pink Hen+Chicks In Basket,6
Pink Horse Sock Puppet,6
Pink Paisley Cake Cases,5
Pink Scottie Dog W Flower Pattern,6
Pink Spots Chocolate Nesting Boxes,6
Poppy Fields Chopping Board,3
Poppy S Playhouse Bathroom,6
Poppy S Playhouse Livingroom,6
Queens Guard Coffee Mug,6
Record Frame Single,6
Recycled Acapulco Mat Lavender,2
Recycled Acapulco Mat Red,6
Recycling Bag Retrospot,5
Red Coat Rack Paris Fashion,3
Red Gingham Teddy Bear,6
Red Polkadot Beaker,6
Red Refectory Clock,6
Red Retrospot Small Milk Jug,6
Red Retrospot Sugar Jam Bowl,6
Red Shark Helicopter,2
Red Spotty Big Bowl,4
Red Spotty Tablecloth,2
Regency Milk Jug Pink,4
Regency Teapot Roses,4
Retro Laundry Tub Pistachio,2
Retro Spot Large Milk Jug,6
Retro Tea For One,4
Ribbons Purse,6
Ridged Glass Posy Vase,6
Roll Wrap Vintage Spot,1
Rose Caravan Doorstop,2
Roses Regency Teacup And Saucer,6
Round Cake Tin Vintage Red,6
Rustic Mirror With Lace Heart,2
S/4 Blue Round Decoupage Boxes,1
Scandinavian Paisley Picnic Bag,4
Scottie Dog Hot Water Bottle,6
Scotties Washbag,6
Set/3 Decoupage Stacking Tins,3
Set/3 Polka Dot Stacking Tins,6
Set/3 Rose Candle In Jewelled Box,4
Set/3 Vanilla Scented Candle In Box,4
Set/4 Butterfly Mirror Magnets,6
Sewing Box Retrospot,4
Silver Candlepot Jardin,6
Silver Plate Candle Bowl Large,4
Skulls Cotton Tote Bag,6
Small Deco Jewellery Stand,4
Small Heart Measuring Spoons,1
Small Square Cut Glass Candlestick,5
Song Bird Paper Eggs,6
Spaceboy Tv Dinner Tray,3
Strawberry Picnic Bag,5
Strawberry Shopper Bag,4
String Stars Card Holder,6
Stripes Teddy,6
Sweetheart Cakestand Tier,5
T-Lights Santa,6
Tea Time Breakfast Basket,6
Tea Time Kitchen Apron,3
Tea Time Teapot In Gift Box,4
Tins Vintage Bathroom,4
Toadstool Bedside Light,2
Toilet Metal Sign,1
Toxic Area Door Hanger,3
Traditional Spinning Tops,2
Travel Card Wallet Flower Meadow,4
Travel Card Wallet Retrospot,4
Treasure Tin Buffalo Bill,6
Triangular Pouffe Vintage,1
Tumbler New England,6
Turq+Red Boudicca Large Bracelet,6
Tv Dinner Tray Air Hostess,3
Victorian Sewing Box Medium,2
Victorian Sewing Box Small,2
Vintage Bells Garland,6
Vintage Christmas Stocking,6
Vintage Cream Basket Cake Stand,2
Vintage Donkey Tail Game,6
Vintage Glass Coffee Caddy,3
Vintage Glass Tea Caddy,3
Vintage Kitchen Print Puddings,6
Vintage Leaf Chopping Board,3
Vintage Notebook Paris Days,6
Vintage Notelets Kit,6
Vintage Pistachio Cutlery,5
Vintage Red Cutlery,2
Vintage Sky Blue Cutlery,3
Vintage Union Jack Cushion Cover,4
Wall Art S Alphabet,2
Wall Mounted Vintage Organiser,2
Watering Can Pink Bunny,6
Weekend Bag Vintage Rose Paisley,2
White Baroque Wall Clock,1
White Candystuft Artificial Flower,2
White Skull Hot Water Bottle,4
White Stitched Cushion Cover,4
White Wood Garden Plant Ladder,3
Wooden Happy Birthday Garland,6
Wooden Rounders Garden,2
Zinc Box Sign Home,1
