Country,iso_year,iso_week,week_start,n_invoices,ATV,UPT,ASP,website_visitors,conversion_rate
All Countries,2009,49,2009-12-01,343,67.44317784256559,36.411078717201164,1.8522707983025062,,
All Countries,2009,50,2009-12-07,396,87.42070707070707,44.861111111111114,1.9486968758795382,,
All Countries,2009,51,2009-12-14,369,103.40894308943089,76.22764227642277,1.3565806313993172,,
All Countries,2009,52,2009-12-21,54,145.70462962962964,81.5925925925926,1.7857580571947345,,
All Countries,2010,1,2010-01-04,157,212.04146496815287,117.6687898089172,1.8020195951066365,,
All Countries,2010,2,2010-01-11,193,118.45523316062176,60.870466321243526,1.9460214504596525,,
All Countries,2010,3,2010-01-18,212,91.55735849056603,79.39622641509433,1.1531701520912547,,
All Countries,2010,4,2010-01-25,236,93.72966101694915,58.59322033898305,1.599667341625687,,
All Countries,2010,5,2010-02-01,221,85.83927601809954,51.69683257918552,1.660435886214442,,
All Countries,2010,6,2010-02-08,207,64.52956521739131,39.43478260869565,1.6363616317530323,,
All Countries,2010,7,2010-02-15,224,113.19986607142857,119.98660714285714,0.9434375116270417,,
All Countries,2010,8,2010-02-22,240,106.94083333333333,67.43333333333334,1.5858749382105781,,
All Countries,2010,9,2010-03-01,288,93.90208333333334,67.38541666666667,1.3935074972947905,,
All Countries,2010,10,2010-03-08,221,83.41040723981901,59.64253393665158,1.3985054244746227,,
All Countries,2010,11,2010-03-15,268,104.73328358208956,149.91417910447763,0.6986215994225552,,
All Countries,2010,12,2010-03-22,300,86.1567,84.61666666666666,1.0182001181800278,,
All Countries,2010,13,2010-03-29,220,89.85199999999999,51.21363636363636,1.754454601934854,,
All Countries,2010,14,2010-04-06,222,94.55103603603602,62.34234234234234,1.5166423410404624,,
All Countries,2010,15,2010-04-12,237,92.60447257383966,58.46413502109704,1.5839535219399539,,
All Countries,2010,16,2010-04-19,293,81.05945392491468,51.59044368600683,1.5712106377348505,,
All Countries,2010,17,2010-04-26,306,90.29633986928104,51.58169934640523,1.7505499239736442,,
All Countries,2010,18,2010-05-04,250,98.8492,62.448,1.5829041762746605,,
All Countries,2010,19,2010-05-10,268,98.25955223880598,68.67164179104478,1.430860682460335,,
All Countries,2010,20,2010-05-17,253,87.73462450592885,59.383399209486164,1.4774267838125665,,
All Countries,2010,21,2010-05-24,271,81.0120295202952,67.54981549815498,1.1992931279361958,,
All Countries,2010,22,2010-06-01,192,77.29005208333334,51.770833333333336,1.4929265593561367,,
All Countries,2010,23,2010-06-07,340,107.80226470588234,64.69117647058823,1.6664137303932711,,
All Countries,2010,24,2010-06-14,256,85.4373828125,57.90625,1.4754432002158662,,
All Countries,2010,25,2010-06-21,225,72.68506666666667,42.33777777777778,1.7167898383371825,,
All Countries,2010,26,2010-06-28,279,88.98917562724014,59.157706093189965,1.5042702211451076,,
All Countries,2010,27,2010-07-05,244,88.87311475409837,44.51639344262295,1.996413183575769,,
All Countries,2010,28,2010-07-12,241,103.19041493775933,62.219917012448136,1.6584788262754249,,
All Countries,2010,29,2010-07-19,243,85.98925925925926,60.41152263374486,1.423391689373297,,
All Countries,2010,30,2010-07-26,232,104.29599137931035,48.84051724137931,2.1354399435177833,,
All Countries,2010,31,2010-08-02,224,95.51683035714287,55.5625,1.719088060421019,,
All Countries,2010,32,2010-08-09,230,115.19852173913043,152.0,0.7578850114416475,,
All Countries,2010,33,2010-08-16,242,103.26425619834711,71.39256198347107,1.4464287781443539,,
All Countries,2010,34,2010-08-23,250,94.08160000000001,67.652,1.3906698988943418,,
All Countries,2010,35,2010-08-31,190,90.54452631578947,54.38421052631579,1.6649046743443336,,
All Countries,2010,36,2010-09-06,256,73.6975,44.01171875,1.6744972042247273,,
All Countries,2010,37,2010-09-13,283,86.36667844522968,60.487632508833926,1.4278402850800327,,
All Countries,2010,38,2010-09-20,330,100.93242424242423,68.0909090909091,1.482318647085002,,
All Countries,2010,39,2010-09-27,399,117.9468671679198,146.99749373433585,0.802373320602878,,
All Countries,2010,40,2010-10-04,396,96.5894191919192,66.90656565656566,1.4436463483676167,,
All Countries,2010,41,2010-10-11,427,117.24372365339579,74.96487119437938,1.5639821930646676,,
All Countries,2010,42,2010-10-18,418,91.08578947368422,62.97607655502392,1.4463554171098618,,
All Countries,2010,43,2010-10-25,363,85.86490358126721,46.98622589531681,1.8274484052532831,,
All Countries,2010,44,2010-11-01,411,91.02997566909976,63.956204379562045,1.4233173552461387,,
All Countries,2010,45,2010-11-08,478,89.2423849372385,49.25941422594142,1.811681814320904,,
All Countries,2010,46,2010-11-15,498,85.24479919678716,54.38755020080321,1.5673586856193467,,
All Countries,2010,47,2010-11-22,506,71.6259486166008,43.66798418972332,1.6402394098479363,,
All Countries,2010,48,2010-11-29,465,89.84391397849463,52.77849462365592,1.7022826175535817,,
All Countries,2010,49,2010-12-06,389,80.41616966580978,39.66838046272493,2.02721080940963,,
All Countries,2010,50,2010-12-13,312,90.50766025641026,57.79807692307692,1.5659285753895638,,
All Countries,2010,51,2010-12-20,81,98.71827160493828,69.33333333333333,1.4238212250712252,,
All Countries,2011,1,2011-01-04,185,107.05297297297297,74.92972972972973,1.4287115856297792,,
All Countries,2011,2,2011-01-10,190,105.11568421052631,65.15263157894736,1.613375878503918,,
All Countries,2011,3,2011-01-17,167,94.64065868263472,62.33532934131737,1.5182507204610949,,
All Countries,2011,4,2011-01-24,229,80.37615720524018,47.366812227074234,1.696887618696414,,
All Countries,2011,5,2011-01-31,217,77.83566820276498,49.193548387096776,1.5822332552693208,,
All Countries,2011,6,2011-02-07,161,86.2327950310559,48.98136645962733,1.760522444838955,,
All Countries,2011,7,2011-02-14,217,94.46188940092166,78.88479262672811,1.197466409627293,,
All Countries,2011,8,2011-02-21,222,103.57905405405405,72.5945945945946,1.4268149664929262,,
All Countries,2011,9,2011-02-28,217,91.29138248847926,58.40092165898618,1.563183934348615,,
All Countries,2011,10,2011-03-07,217,76.73502304147465,44.95852534562212,1.7067958179581795,,
All Countries,2011,11,2011-03-14,241,89.599377593361,52.48547717842324,1.7071270456162542,,
All Countries,2011,12,2011-03-21,241,78.30107883817428,50.60995850622407,1.5471476592604738,,
All Countries,2011,13,2011-03-28,257,87.9166926070039,63.03501945525292,1.3947277777777778,,
All Countries,2011,14,2011-04-04,250,72.98496,49.308,1.4801849598442445,,
All Countries,2011,15,2011-04-11,275,80.56967272727273,52.53818181818182,1.533545127353267,,
All Countries,2011,16,2011-04-18,204,113.82759803921567,75.69607843137256,1.503744981220049,,
All Countries,2011,17,2011-04-26,148,90.18506756756756,71.02702702702703,1.2697288812785386,,
All Countries,2011,18,2011-05-03,268,70.44276119402986,47.615671641791046,1.4794028681137843,,
All Countries,2011,19,2011-05-09,301,88.65734219269103,51.21262458471761,1.731161855335712,,
All Countries,2011,20,2011-05-16,345,92.04307246376811,48.23768115942029,1.9081156111044344,,
All Countries,2011,21,2011-05-23,245,81.99244897959184,43.99183673469388,1.8638105399888665,,
All Countries,2011,22,2011-05-31,193,87.98160621761659,51.73575129533679,1.7005958938407613,,
All Countries,2011,23,2011-06-06,299,87.71665551839465,64.14715719063545,1.3674285714285712,,
All Countries,2011,24,2011-06-13,272,112.95180147058824,59.974264705882355,1.8833378287255562,,
All Countries,2011,25,2011-06-20,236,74.9235593220339,47.597457627118644,1.574108430517226,,
All Countries,2011,26,2011-06-27,193,75.9319170984456,49.13989637305699,1.54521931674399,,
All Countries,2011,27,2011-07-04,246,93.86829268292682,61.83739837398374,1.5179858006836706,,
All Countries,2011,28,2011-07-11,237,71.83518987341772,52.9662447257384,1.3562447223771208,,
All Countries,2011,29,2011-07-18,260,104.094,78.73461538461538,1.3220868545747644,,
All Countries,2011,30,2011-07-25,267,106.61258426966293,74.96629213483146,1.4221402877697842,,
All Countries,2011,31,2011-08-01,227,103.00242290748898,75.12334801762114,1.3711106550167125,,
All Countries,2011,32,2011-08-08,207,109.3651690821256,75.13526570048309,1.4555770590882788,,
All Countries,2011,33,2011-08-15,253,112.44126482213439,70.77865612648222,1.5886323783995084,,
All Countries,2011,34,2011-08-22,275,96.85236363636365,67.48363636363636,1.4351977583791358,,
All Countries,2011,35,2011-08-30,206,84.58194174757283,57.78155339805825,1.4638225657397297,,
All Countries,2011,36,2011-09-05,303,93.31983498349835,64.81518151815182,1.4397835938693415,,
All Countries,2011,37,2011-09-12,292,123.09993150684932,72.89041095890411,1.6888357451606841,,
All Countries,2011,38,2011-09-19,377,144.37289124668436,77.56498673740053,1.8613152315163122,,
All Countries,2011,39,2011-09-26,356,92.25339887640449,59.247191011235955,1.5570932106959985,,
All Countries,2011,40,2011-10-03,384,131.86989583333335,76.23697916666667,1.729736635354398,,
All Countries,2011,41,2011-10-10,347,103.53112391930837,59.472622478386164,1.7408198866114264,,
All Countries,2011,42,2011-10-17,369,134.51073170731706,80.36585365853658,1.6737298937784522,,
All Countries,2011,43,2011-10-24,414,96.72082125603865,62.910628019323674,1.537432136686504,,
All Countries,2011,44,2011-10-31,431,108.11935034802785,62.63109048723898,1.726288804919612,,
All Countries,2011,45,2011-11-07,509,91.11412573673871,57.84282907662082,1.575201752598329,,
All Countries,2011,46,2011-11-14,547,92.39389396709323,58.424131627056674,1.5814337568058077,,
All Countries,2011,47,2011-11-21,471,91.68101910828025,50.92993630573248,1.8001400700350176,,
All Countries,2011,48,2011-11-28,497,83.6353722334004,49.87525150905432,1.6768912376956593,,
All Countries,2011,49,2011-12-05,408,150.62816176470588,92.04411764705883,1.636477871864515,,
Australia,2009,51,2009-12-18,1,16.5,10.0,1.65,,
Australia,2010,6,2010-02-14,1,25.0,20.0,1.25,,
Australia,2010,7,2010-02-21,1,50.400000000000006,24.0,2.1,,
Australia,2010,8,2010-02-22,1,59.550000000000004,21.0,2.835714285714286,,
Australia,2010,9,2010-03-04,1,119.4,38.0,3.142105263157895,,
Australia,2010,14,2010-04-08,1,72.7,62.0,1.1725806451612903,,
Australia,2010,18,2010-05-06,1,34.17,15.0,2.278,,
Australia,2010,20,2010-05-21,2,132.29999999999998,86.0,1.5383720930232556,,
Australia,2010,23,2010-06-09,1,209.64000000000001,132.0,1.5881818181818184,,
Australia,2010,25,2010-06-23,1,17.700000000000003,6.0,2.9500000000000006,,
Australia,2010,26,2010-06-30,1,437.3,209.0,2.0923444976076557,,
Australia,2010,28,2010-07-16,1,10.5,25.0,0.42,,
Australia,2010,33,2010-08-17,1,23.400000000000002,36.0,0.65,,
Australia,2010,38,2010-09-20,1,278.15,113.0,2.4615044247787607,,
Australia,2010,40,2010-10-07,1,80.25,33.0,2.4318181818181817,,
Australia,2010,41,2010-10-13,2,153.96499999999997,123.5,1.2466801619433197,,
Australia,2010,42,2010-10-21,1,36.9,18.0,2.05,,
Australia,2010,43,2010-10-26,2,49.724999999999994,16.5,3.0136363636363632,,
Australia,2010,44,2010-11-02,1,80.4,32.0,2.5125,,
Australia,2010,47,2010-11-22,2,57.845,30.5,1.8965573770491804,,
Australia,2010,48,2010-11-29,2,1108.185,770.5,1.4382673588578845,,
Australia,2010,49,2010-12-08,1,114.6,132.0,0.8681818181818182,,
Australia,2011,1,2011-01-06,1,816.84,972.0,0.8403703703703704,,
Australia,2011,2,2011-01-11,2,23.85,11.0,2.1681818181818184,,
Australia,2011,3,2011-01-17,2,81.55000000000001,31.0,2.6306451612903228,,
Australia,2011,4,2011-01-28,1,50.84,20.0,2.5420000000000003,,
Australia,2011,6,2011-02-07,1,29.700000000000003,6.0,4.95,,
Australia,2011,7,2011-02-15,1,1839.68,1208.0,1.5229139072847682,,
Australia,2011,8,2011-02-27,1,77.39999999999999,36.0,2.15,,
Australia,2011,9,2011-03-03,1,2509.04,2416.0,1.0385099337748345,,
Australia,2011,12,2011-03-24,1,27.0,4.0,6.75,,
Australia,2011,14,2011-04-08,1,29.85,15.0,1.99,,
Australia,2011,19,2011-05-12,1,20.4,24.0,0.85,,
Australia,2011,20,2011-05-17,1,3249.36,1700.0,1.9113882352941178,,
Australia,2011,21,2011-05-23,1,115.39999999999999,36.0,3.2055555555555553,,
Australia,2011,24,2011-06-15,1,3694.4100000000003,1853.0,1.993745277927685,,
Australia,2011,26,2011-06-30,1,27.299999999999997,18.0,1.5166666666666666,,
Australia,2011,28,2011-07-13,2,300.59000000000003,553.0,0.5435623869801085,,
Australia,2011,29,2011-07-19,3,74.79333333333334,33.0,2.2664646464646467,,
Australia,2011,33,2011-08-18,1,4173.84,3000.0,1.39128,,
Australia,2011,35,2011-09-01,1,25.919999999999998,72.0,0.36,,
Australia,2011,36,2011-09-05,1,20.8,10.0,2.08,,
Australia,2011,37,2011-09-16,1,170.16,124.0,1.372258064516129,,
Australia,2011,38,2011-09-25,1,135.48000000000002,168.0,0.8064285714285715,,
Australia,2011,39,2011-09-28,2,66.5,34.0,1.9558823529411764,,
Australia,2011,40,2011-10-05,2,1767.805,579.0,3.053203799654577,,
Australia,2011,46,2011-11-15,1,2842.82,1658.0,1.7146079613992764,,
Australia,2011,47,2011-11-24,1,26.36,44.0,0.5990909090909091,,
Austria,2009,50,2009-12-08,1,130.35,51.0,2.5558823529411763,,
Austria,2009,52,2009-12-22,1,92.03999999999999,44.0,2.091818181818182,,
Austria,2010,5,2010-02-04,1,46.25,19.0,2.4342105263157894,,
Austria,2010,6,2010-02-09,1,83.38,34.0,2.4523529411764704,,
Austria,2010,8,2010-02-22,1,34.0,34.0,1.0,,
Austria,2010,10,2010-03-08,1,50.4,48.0,1.05,,
Austria,2010,12,2010-03-25,3,25.126666666666665,17.333333333333332,1.4496153846153845,,
Austria,2010,17,2010-04-30,1,263.48,112.0,2.3525,,
Austria,2010,21,2010-05-25,1,86.1,98.0,0.8785714285714286,,
Austria,2010,23,2010-06-07,1,64.65,77.0,0.8396103896103897,,
Austria,2010,33,2010-08-20,1,162.89000000000001,91.0,1.7900000000000003,,
Austria,2010,35,2010-09-02,1,20.4,24.0,0.85,,
Austria,2010,37,2010-09-16,1,304.99,292.0,1.044486301369863,,
Austria,2010,41,2010-10-14,1,39.0,20.0,1.95,,
Austria,2010,44,2010-11-05,1,15.0,12.0,1.25,,
Austria,2010,45,2010-11-12,1,228.24,188.0,1.2140425531914893,,
Austria,2010,47,2010-11-26,1,104.13,63.0,1.6528571428571428,,
Austria,2010,48,2010-11-29,1,165.18,42.0,3.932857142857143,,
Austria,2010,50,2010-12-17,1,11.6,8.0,1.45,,
Austria,2011,5,2011-02-01,2,25.500000000000004,18.0,1.416666666666667,,
Austria,2011,9,2011-03-03,1,39.599999999999994,24.0,1.6499999999999997,,
Austria,2011,12,2011-03-23,1,448.6,388.0,1.1561855670103094,,
Austria,2011,17,2011-04-26,2,79.56,28.0,2.8414285714285716,,
Austria,2011,21,2011-05-23,1,37.0,20.0,1.85,,
Austria,2011,28,2011-07-12,1,180.58,38.0,4.752105263157895,,
Austria,2011,30,2011-07-28,1,116.03999999999999,110.0,1.0549090909090908,,
Austria,2011,32,2011-08-08,1,214.64,154.0,1.3937662337662338,,
Austria,2011,33,2011-08-19,1,81.24000000000001,50.0,1.6248000000000002,,
Austria,2011,42,2011-10-18,1,125.53,81.0,1.549753086419753,,
Austria,2011,45,2011-11-13,1,96.31,61.0,1.5788524590163935,,
Austria,2011,46,2011-11-14,1,112.83000000000001,75.0,1.5044000000000002,,
Bahrain,2010,20,2010-05-21,1,49.7,22.0,2.2590909090909093,,
Bahrain,2010,43,2010-10-27,1,12.600000000000001,6.0,2.1,,
Bahrain,2011,19,2011-05-09,1,45.4,8.0,5.675,,
Bahrain,2011,20,2011-05-19,1,31.5,10.0,3.15,,
Belgium,2009,49,2009-12-06,1,92.7,42.0,2.2071428571428573,,
Belgium,2010,1,2010-01-08,1,80.3,54.0,1.487037037037037,,
Belgium,2010,2,2010-01-15,1,157.44,72.0,2.1866666666666665,,
Belgium,2010,5,2010-02-07,1,56.7,26.0,2.180769230769231,,
Belgium,2010,7,2010-02-15,1,67.1,42.0,1.5976190476190475,,
Belgium,2010,9,2010-03-05,2,58.925000000000004,59.0,0.9987288135593221,,
Belgium,2010,13,2010-04-01,1,70.80000000000001,22.0,3.2181818181818187,,
Belgium,2010,15,2010-04-16,2,88.85,43.0,2.066279069767442,,
Belgium,2010,17,2010-04-28,1,137.08,52.0,2.6361538461538463,,
Belgium,2010,18,2010-05-09,1,17.700000000000003,6.0,2.9500000000000006,,
Belgium,2010,22,2010-06-03,1,48.3,42.0,1.15,,
Belgium,2010,24,2010-06-17,1,29.95,1.0,29.95,,
Belgium,2010,25,2010-06-23,1,29.8,12.0,2.4833333333333334,,
Belgium,2010,26,2010-06-29,2,110.72500000000001,42.5,2.605294117647059,,
Belgium,2010,27,2010-07-08,1,71.4,68.0,1.05,,
Belgium,2010,29,2010-07-19,3,35.56666666666666,23.333333333333332,1.5242857142857142,,
Belgium,2010,30,2010-07-29,1,6.3,15.0,0.42,,
Belgium,2010,31,2010-08-02,1,8.5,10.0,0.85,,
Belgium,2010,33,2010-08-22,1,54.6,12.0,4.55,,
Belgium,2010,35,2010-08-31,1,106.35,33.0,3.2227272727272727,,
Belgium,2010,36,2010-09-09,1,99.05,50.0,1.9809999999999999,,
Belgium,2010,37,2010-09-15,2,39.05,25.0,1.5619999999999998,,
Belgium,2010,38,2010-09-20,1,59.849999999999994,39.0,1.5346153846153845,,
Belgium,2010,40,2010-10-06,1,13.5,2.0,6.75,,
Belgium,2010,41,2010-10-13,2,56.324999999999996,27.5,2.048181818181818,,
Belgium,2010,43,2010-10-25,2,61.5,19.0,3.236842105263158,,
Belgium,2010,45,2010-11-10,1,102.84,114.0,0.9021052631578947,,
Belgium,2010,46,2010-11-17,4,68.22,56.5,1.207433628318584,,
Belgium,2010,47,2010-11-25,1,92.6,56.0,1.6535714285714285,,
Belgium,2010,48,2010-12-03,1,46.2,60.0,0.77,,
Belgium,2010,50,2010-12-17,2,14.879999999999999,20.0,0.744,,
Belgium,2010,51,2010-12-21,2,54.455,51.5,1.057378640776699,,
Belgium,2011,2,2011-01-12,1,36.599999999999994,28.0,1.307142857142857,,
Belgium,2011,3,2011-01-20,1,19.5,10.0,1.95,,
Belgium,2011,4,2011-01-25,1,25.5,2.0,12.75,,
Belgium,2011,6,2011-02-11,1,20.16,48.0,0.42,,
Belgium,2011,7,2011-02-17,2,106.125,51.5,2.0606796116504853,,
Belgium,2011,8,2011-02-21,1,49.29,63.0,0.7823809523809524,,
Belgium,2011,9,2011-03-01,2,106.735,27.5,3.8812727272727274,,
Belgium,2011,11,2011-03-14,2,43.29,19.0,2.278421052631579,,
Belgium,2011,12,2011-03-21,5,75.638,58.6,1.2907508532423209,,
Belgium,2011,14,2011-04-07,2,81.06,66.5,1.2189473684210526,,
Belgium,2011,15,2011-04-12,2,42.86,26.0,1.6484615384615384,,
Belgium,2011,16,2011-04-18,1,52.3,14.0,3.7357142857142853,,
Belgium,2011,17,2011-04-28,1,53.3,42.0,1.269047619047619,,
Belgium,2011,18,2011-05-05,2,75.8,34.0,2.2294117647058824,,
Belgium,2011,19,2011-05-10,2,25.740000000000002,38.0,0.6773684210526316,,
Belgium,2011,20,2011-05-17,1,22.68,18.0,1.26,,
Belgium,2011,21,2011-05-23,2,131.26,93.0,1.4113978494623656,,
Belgium,2011,22,2011-06-01,3,83.37,37.333333333333336,2.233125,,
Belgium,2011,23,2011-06-07,2,72.98,29.0,2.516551724137931,,
Belgium,2011,24,2011-06-17,2,161.64999999999998,85.0,1.9017647058823526,,
Belgium,2011,25,2011-06-22,2,70.05000000000001,31.0,2.2596774193548392,,
Belgium,2011,26,2011-06-30,1,15.299999999999999,6.0,2.55,,
Belgium,2011,27,2011-07-06,2,94.445,66.5,1.4202255639097743,,
Belgium,2011,30,2011-07-27,1,292.54,94.0,3.1121276595744685,,
Belgium,2011,31,2011-08-02,2,133.925,75.0,1.7856666666666667,,
Belgium,2011,32,2011-08-11,2,74.77499999999999,59.5,1.25672268907563,,
Belgium,2011,33,2011-08-19,1,77.95,69.0,1.1297101449275362,,
Belgium,2011,34,2011-08-25,2,72.25,34.0,2.125,,
Belgium,2011,35,2011-08-31,2,49.16,41.0,1.1990243902439024,,
Belgium,2011,36,2011-09-09,1,230.76,70.0,3.2965714285714283,,
Belgium,2011,38,2011-09-21,2,65.1,36.5,1.7835616438356163,,
Belgium,2011,39,2011-09-28,1,120.75,21.0,5.75,,
Belgium,2011,40,2011-10-04,1,30.0,16.0,1.875,,
Belgium,2011,41,2011-10-10,4,115.005,99.0,1.1616666666666666,,
Belgium,2011,42,2011-10-17,2,46.199999999999996,30.0,1.5399999999999998,,
Belgium,2011,43,2011-10-26,3,125.89666666666666,59.0,2.1338418079096044,,
Belgium,2011,44,2011-10-31,3,108.49666666666667,59.666666666666664,1.8183798882681566,,
Belgium,2011,45,2011-11-07,3,71.24666666666667,36.0,1.9790740740740742,,
Belgium,2011,46,2011-11-17,3,165.26000000000002,55.333333333333336,2.9866265060240966,,
Belgium,2011,47,2011-11-22,1,85.5,52.0,1.6442307692307692,,
Belgium,2011,48,2011-11-29,2,85.05,91.0,0.9346153846153846,,
Belgium,2011,49,2011-12-06,3,70.54,57.333333333333336,1.2303488372093023,,
Brazil,2010,38,2010-09-21,1,70.05,39.0,1.796153846153846,,
Brazil,2011,15,2011-04-15,1,191.28,84.0,2.277142857142857,,
Canada,2010,43,2010-10-26,1,178.43,95.0,1.8782105263157896,,
Canada,2010,45,2010-11-08,1,82.1,46.0,1.784782608695652,,
Canada,2011,11,2011-03-14,1,9.899999999999999,6.0,1.6499999999999997,,
Canada,2011,25,2011-06-20,1,256.96,133.0,1.9320300751879698,,
Canada,2011,28,2011-07-11,1,270.25,257.0,1.051556420233463,,
Canada,2011,34,2011-08-25,1,10.0,8.0,1.25,,
Channel Islands,2009,49,2009-12-04,1,47.4,35.0,1.3542857142857143,,
Channel Islands,2010,3,2010-01-18,1,76.69999999999999,14.0,5.478571428571428,,
Channel Islands,2010,13,2010-03-30,1,164.88,216.0,0.7633333333333333,,
Channel Islands,2010,15,2010-04-12,1,95.46000000000001,36.0,2.651666666666667,,
Channel Islands,2010,18,2010-05-05,2,101.265,42.5,2.382705882352941,,
Channel Islands,2010,20,2010-05-19,1,100.20000000000002,28.0,3.578571428571429,,
Channel Islands,2010,21,2010-05-25,3,240.5566666666667,139.66666666666666,1.7223627684964204,,
Channel Islands,2010,25,2010-06-24,1,92.5,50.0,1.85,,
Channel Islands,2010,34,2010-08-26,1,203.83,61.0,3.341475409836066,,
Channel Islands,2010,36,2010-09-06,1,45.599999999999994,16.0,2.8499999999999996,,
Channel Islands,2010,38,2010-09-21,4,167.345,92.0,1.8189673913043478,,
Channel Islands,2010,39,2010-09-30,2,135.45,84.5,1.6029585798816566,,
Channel Islands,2010,42,2010-10-18,2,263.2,143.5,1.8341463414634145,,
Channel Islands,2010,45,2010-11-14,1,186.3,98.0,1.9010204081632653,,
Channel Islands,2010,46,2010-11-19,1,61.8,28.0,2.207142857142857,,
Channel Islands,2010,47,2010-11-26,1,116.8,95.0,1.2294736842105263,,
Channel Islands,2010,49,2010-12-09,1,17.9,2.0,8.95,,
Channel Islands,2011,4,2011-01-27,1,194.6,98.0,1.9857142857142858,,
Channel Islands,2011,7,2011-02-15,1,444.55,455.0,0.977032967032967,,
Channel Islands,2011,9,2011-03-02,1,179.4,108.0,1.6611111111111112,,
Channel Islands,2011,10,2011-03-09,2,218.24,169.0,1.2913609467455622,,
Channel Islands,2011,15,2011-04-13,1,49.900000000000006,22.0,2.2681818181818185,,
Channel Islands,2011,20,2011-05-19,1,223.7,26.0,8.603846153846153,,
Channel Islands,2011,24,2011-06-17,1,257.4,128.0,2.0109375,,
Channel Islands,2011,31,2011-08-01,1,81.36,24.0,3.39,,
Channel Islands,2011,34,2011-08-23,3,104.71999999999998,48.333333333333336,2.166620689655172,,
Channel Islands,2011,38,2011-09-19,1,92.5,64.0,1.4453125,,
Channel Islands,2011,39,2011-09-26,1,30.300000000000004,12.0,2.5250000000000004,,
Channel Islands,2011,40,2011-10-05,2,186.63,138.0,1.352391304347826,,
Channel Islands,2011,41,2011-10-14,1,170.88,48.0,3.56,,
Channel Islands,2011,44,2011-11-06,1,257.71,133.0,1.9376691729323308,,
Channel Islands,2011,46,2011-11-17,1,56.75,21.0,2.7023809523809526,,
Channel Islands,2011,49,2011-12-05,1,17.700000000000003,6.0,2.9500000000000006,,
Cyprus,2009,49,2009-12-05,1,118.64999999999999,41.0,2.89390243902439,,
Cyprus,2009,51,2009-12-14,2,347.465,115.5,3.008354978354978,,
Cyprus,2010,7,2010-02-15,1,215.95,73.0,2.958219178082192,,
Cyprus,2010,8,2010-02-22,1,12.7,2.0,6.35,,
Cyprus,2010,10,2010-03-08,1,37.980000000000004,18.0,2.1100000000000003,,
Cyprus,2010,11,2010-03-21,1,165.79999999999998,44.0,3.7681818181818176,,
Cyprus,2010,12,2010-03-23,2,108.0,44.0,2.4545454545454546,,
Cyprus,2010,16,2010-04-21,1,167.85,51.0,3.291176470588235,,
Cyprus,2010,19,2010-05-11,1,206.89999999999998,22.0,9.404545454545454,,
Cyprus,2010,25,2010-06-22,1,37.1,8.0,4.6375,,
Cyprus,2010,35,2010-09-01,2,47.345,24.5,1.9324489795918367,,
Cyprus,2010,38,2010-09-20,1,100.38,114.0,0.8805263157894736,,
Cyprus,2010,40,2010-10-10,1,116.8,44.0,2.6545454545454543,,
Cyprus,2010,50,2010-12-14,1,329.81,195.0,1.6913333333333334,,
Cyprus,2011,2,2011-01-12,1,175.45,28.0,6.266071428571428,,
Cyprus,2011,6,2011-02-07,2,155.575,32.0,4.86171875,,
Cyprus,2011,7,2011-02-16,1,663.9,694.0,0.9566282420749279,,
Cyprus,2011,8,2011-02-21,1,44.6,16.0,2.7875,,
Cyprus,2011,10,2011-03-10,1,88.5,54.0,1.6388888888888888,,
Cyprus,2011,22,2011-06-03,1,230.12,76.0,3.0278947368421054,,
Cyprus,2011,40,2011-10-07,1,74.1,30.0,2.4699999999999998,,
Cyprus,2011,41,2011-10-13,1,983.3000000000001,110.0,8.93909090909091,,
Cyprus,2011,42,2011-10-19,1,96.5,26.0,3.7115384615384617,,
Cyprus,2011,46,2011-11-18,1,90.17,99.0,0.9108080808080808,,
Czech Republic,2011,9,2011-02-28,1,91.56,84.0,1.09,,
Czech Republic,2011,40,2011-10-07,1,33.6,48.0,0.7000000000000001,,
Denmark,2009,51,2009-12-15,1,81.0,12.0,6.75,,
Denmark,2010,2,2010-01-11,1,269.7,114.0,2.3657894736842104,,
Denmark,2010,3,2010-01-21,1,528.0,5280.0,0.1,,
Denmark,2010,7,2010-02-15,1,2370.0,12488.0,0.18978219090326715,,
Denmark,2010,10,2010-03-12,1,110.88,72.0,1.54,,
Denmark,2010,11,2010-03-17,1,2570.4,25704.0,0.1,,
Denmark,2010,23,2010-06-11,1,142.56,48.0,2.97,,
Denmark,2010,24,2010-06-17,2,129.51,131.0,0.9886259541984732,,
Denmark,2010,32,2010-08-09,1,42.6,44.0,0.9681818181818183,,
Denmark,2010,33,2010-08-19,1,511.18,357.0,1.43187675070028,,
Denmark,2010,35,2010-08-31,1,19.799999999999997,12.0,1.6499999999999997,,
Denmark,2010,38,2010-09-24,1,109.85,79.0,1.390506329113924,,
Denmark,2010,39,2010-09-27,1,56.519999999999996,108.0,0.5233333333333333,,
Denmark,2010,41,2010-10-11,1,67.6,32.0,2.1125,,
Denmark,2010,44,2010-11-02,2,159.72,120.0,1.331,,
Denmark,2010,45,2010-11-08,1,510.79999999999995,176.0,2.902272727272727,,
Denmark,2010,49,2010-12-09,1,369.0,132.0,2.7954545454545454,,
Denmark,2011,7,2011-02-16,1,47.7,6.0,7.95,,
Denmark,2011,11,2011-03-17,1,39.0,20.0,1.95,,
Denmark,2011,19,2011-05-11,1,98.1,111.0,0.8837837837837837,,
Denmark,2011,23,2011-06-09,1,303.75,107.0,2.838785046728972,,
Denmark,2011,25,2011-06-20,2,77.62,50.0,1.5524,,
Denmark,2011,30,2011-07-25,1,211.64000000000001,140.0,1.5117142857142858,,
Denmark,2011,32,2011-08-10,1,21.0,50.0,0.42,,
Denmark,2011,38,2011-09-21,1,1074.3000000000002,172.0,6.24593023255814,,
Denmark,2011,39,2011-09-26,2,49.26,38.0,1.296315789473684,,
Denmark,2011,40,2011-10-07,1,132.8,32.0,4.15,,
Denmark,2011,41,2011-10-11,1,59.7,30.0,1.99,,
Denmark,2011,42,2011-10-21,1,166.0,40.0,4.15,,
Denmark,2011,46,2011-11-17,1,383.33000000000004,175.0,2.190457142857143,,
Denmark,2011,48,2011-11-30,1,183.72,156.0,1.1776923076923076,,
EIRE,2009,49,2009-12-01,2,26.065,9.5,2.743684210526316,,
EIRE,2009,50,2009-12-07,4,142.4,52.5,2.7123809523809523,,
EIRE,2009,51,2009-12-15,6,169.89833333333334,63.833333333333336,2.661592689295039,,
EIRE,2009,52,2009-12-21,1,1528.2,636.0,2.4028301886792454,,
EIRE,2010,1,2010-01-07,3,3815.773333333333,1632.0,2.338096405228758,,
EIRE,2010,2,2010-01-11,1,1642.5,150.0,10.95,,
EIRE,2010,3,2010-01-19,6,172.79666666666665,83.5,2.0694211576846304,,
EIRE,2010,4,2010-01-25,3,176.89,93.0,1.902043010752688,,
EIRE,2010,5,2010-02-02,3,376.5733333333333,239.66666666666666,1.5712378303198888,,
EIRE,2010,6,2010-02-08,2,46.5,71.0,0.6549295774647887,,
EIRE,2010,7,2010-02-16,5,151.282,73.4,2.0610626702997275,,
EIRE,2010,8,2010-02-24,3,232.60999999999999,129.0,1.8031782945736432,,
EIRE,2010,9,2010-03-03,7,227.22142857142856,211.57142857142858,1.0739702903443618,,
EIRE,2010,10,2010-03-10,2,97.85500000000002,56.0,1.7474107142857147,,
EIRE,2010,11,2010-03-15,5,162.206,76.2,2.1286876640419945,,
EIRE,2010,12,2010-03-22,6,150.49,65.66666666666667,2.2917258883248732,,
EIRE,2010,13,2010-03-30,1,304.31,111.0,2.7415315315315314,,
EIRE,2010,14,2010-04-07,1,14.98,2.0,7.49,,
EIRE,2010,15,2010-04-13,3,515.14,493.3333333333333,1.0442027027027028,,
EIRE,2010,16,2010-04-19,7,127.32428571428572,54.285714285714285,2.345447368421053,,
EIRE,2010,17,2010-04-26,4,200.295,103.5,1.9352173913043478,,
EIRE,2010,18,2010-05-04,7,289.3328571428571,160.0,1.8083303571428568,,
EIRE,2010,19,2010-05-10,3,319.3866666666667,263.3333333333333,1.2128607594936711,,
EIRE,2010,20,2010-05-17,4,115.125,32.0,3.59765625,,
EIRE,2010,21,2010-05-24,2,240.315,110.5,2.174796380090498,,
EIRE,2010,22,2010-06-03,3,181.0,48.0,3.7708333333333335,,
EIRE,2010,23,2010-06-11,2,184.65,85.0,2.1723529411764706,,
EIRE,2010,24,2010-06-14,7,327.8385714285714,295.85714285714283,1.1080975374215356,,
EIRE,2010,25,2010-06-22,6,104.35833333333333,40.833333333333336,2.5557142857142856,,
EIRE,2010,26,2010-06-29,4,104.4425,70.25,1.4867259786476867,,
EIRE,2010,27,2010-07-05,7,497.28999999999996,201.42857142857142,2.4688156028368793,,
EIRE,2010,28,2010-07-12,8,185.3775,74.0,2.5051013513513514,,
EIRE,2010,29,2010-07-20,1,106.8,32.0,3.3375,,
EIRE,2010,30,2010-07-26,3,25.959999999999997,20.0,1.2979999999999998,,
EIRE,2010,31,2010-08-03,2,193.99,127.0,1.52748031496063,,
EIRE,2010,32,2010-08-09,2,90.75,59.0,1.5381355932203389,,
EIRE,2010,33,2010-08-18,7,252.37000000000003,204.42857142857142,1.2345143256464013,,
EIRE,2010,34,2010-08-23,4,86.05250000000001,60.75,1.4165020576131688,,
EIRE,2010,35,2010-08-31,4,114.4575,58.25,1.9649356223175964,,
EIRE,2010,36,2010-09-06,4,186.125,186.0,1.0006720430107527,,
EIRE,2010,37,2010-09-13,4,326.77250000000004,235.25,1.3890435706695008,,
EIRE,2010,38,2010-09-20,7,96.45285714285714,58.714285714285715,1.6427493917274938,,
EIRE,2010,39,2010-09-27,13,285.1930769230769,182.76923076923077,1.5603998316498313,,
EIRE,2010,40,2010-10-04,5,127.41600000000001,68.8,1.8519767441860469,,
EIRE,2010,41,2010-10-11,6,176.755,127.83333333333333,1.3826988265971316,,
EIRE,2010,42,2010-10-18,9,99.36222222222221,31.11111111111111,3.1937857142857142,,
EIRE,2010,43,2010-10-25,8,271.29875000000004,109.0,2.4889793577981654,,
EIRE,2010,44,2010-11-01,9,104.76555555555555,52.333333333333336,2.001889596602972,,
EIRE,2010,45,2010-11-08,6,156.53333333333333,76.66666666666667,2.0417391304347823,,
EIRE,2010,46,2010-11-15,12,181.27,102.16666666666667,1.774257748776509,,
EIRE,2010,47,2010-11-23,4,80.54,55.5,1.4511711711711712,,
EIRE,2010,48,2010-12-01,3,243.32000000000002,560.6666666666666,0.4339833531510108,,
EIRE,2010,49,2010-12-06,4,110.45,61.5,1.7959349593495935,,
EIRE,2010,50,2010-12-16,3,71.45,33.0,2.165151515151515,,
EIRE,2010,51,2010-12-21,2,119.42500000000001,39.5,3.0234177215189875,,
EIRE,2011,1,2011-01-09,1,77.6,36.0,2.1555555555555554,,
EIRE,2011,2,2011-01-14,1,1870.8000000000002,840.0,2.2271428571428573,,
EIRE,2011,3,2011-01-18,2,392.44,244.0,1.6083606557377048,,
EIRE,2011,4,2011-01-24,3,69.88666666666667,44.0,1.5883333333333334,,
EIRE,2011,5,2011-02-01,3,111.77666666666666,56.333333333333336,1.9842011834319524,,
EIRE,2011,7,2011-02-14,5,304.808,129.2,2.3591950464396287,,
EIRE,2011,8,2011-02-23,1,75.60000000000001,36.0,2.1,,
EIRE,2011,9,2011-03-01,3,295.96999999999997,148.33333333333334,1.9953033707865164,,
EIRE,2011,10,2011-03-10,2,310.09,127.0,2.4416535433070865,,
EIRE,2011,11,2011-03-14,9,210.5,71.55555555555556,2.9417701863354035,,
EIRE,2011,12,2011-03-24,2,127.425,70.5,1.8074468085106383,,
EIRE,2011,13,2011-03-28,3,213.78666666666666,168.33333333333334,1.2700198019801978,,
EIRE,2011,14,2011-04-04,5,90.01000000000002,52.2,1.724329501915709,,
EIRE,2011,15,2011-04-11,3,69.39333333333333,43.333333333333336,1.6013846153846152,,
EIRE,2011,16,2011-04-19,1,81.7,56.0,1.4589285714285716,,
EIRE,2011,18,2011-05-03,5,248.95800000000003,80.8,3.081163366336634,,
EIRE,2011,19,2011-05-15,1,49.980000000000004,18.0,2.776666666666667,,
EIRE,2011,20,2011-05-16,8,150.9725,66.75,2.261760299625468,,
EIRE,2011,21,2011-05-23,3,34.776666666666664,22.333333333333332,1.5571641791044775,,
EIRE,2011,23,2011-06-06,6,207.885,145.5,1.428762886597938,,
EIRE,2011,24,2011-06-13,5,197.632,128.4,1.5391900311526479,,
EIRE,2011,25,2011-06-22,5,77.476,36.4,2.1284615384615386,,
EIRE,2011,26,2011-06-27,7,158.54857142857145,94.0,1.6866869300911855,,
EIRE,2011,27,2011-07-05,1,19.9,2.0,9.95,,
EIRE,2011,28,2011-07-14,2,74.13,31.0,2.391290322580645,,
EIRE,2011,29,2011-07-18,7,626.8557142857143,294.42857142857144,2.129058709364386,,
EIRE,2011,30,2011-07-27,7,438.83142857142855,311.14285714285717,1.4103856749311292,,
EIRE,2011,31,2011-08-04,2,351.105,291.5,1.2044768439108062,,
EIRE,2011,32,2011-08-08,6,148.315,87.5,1.6950285714285713,,
EIRE,2011,33,2011-08-15,5,110.766,74.6,1.4847989276139413,,
EIRE,2011,34,2011-08-26,2,59.855,33.5,1.7867164179104478,,
EIRE,2011,35,2011-09-01,4,145.1725,166.25,0.873218045112782,,
EIRE,2011,36,2011-09-05,8,264.38,140.5,1.8817081850533808,,
EIRE,2011,37,2011-09-14,3,116.81,60.0,1.9468333333333334,,
EIRE,2011,38,2011-09-19,8,190.56625,122.25,1.5588241308793456,,
EIRE,2011,39,2011-09-26,8,131.7175,69.25,1.902057761732852,,
EIRE,2011,40,2011-10-06,2,105.42999999999999,84.0,1.2551190476190475,,
EIRE,2011,41,2011-10-10,8,309.07,134.75,2.293654916512059,,
EIRE,2011,42,2011-10-17,13,187.1076923076923,139.46153846153845,1.3416436845008275,,
EIRE,2011,43,2011-10-24,2,55.089999999999996,31.0,1.7770967741935482,,
EIRE,2011,44,2011-10-31,3,152.97,75.33333333333333,2.030575221238938,,
EIRE,2011,45,2011-11-07,10,154.548,137.2,1.1264431486880468,,
EIRE,2011,46,2011-11-14,11,145.85181818181817,84.45454545454545,1.7269860064585576,,
EIRE,2011,47,2011-11-21,7,101.39142857142858,64.28571428571429,1.5772,,
EIRE,2011,48,2011-11-28,8,121.7775,63.5,1.9177559055118112,,
EIRE,2011,49,2011-12-05,6,195.72166666666666,131.16666666666666,1.4921601016518424,,
European Community,2011,17,2011-04-26,1,13.5,2.0,6.75,,
European Community,2011,22,2011-06-05,1,130.85000000000002,53.0,2.4688679245283023,,
European Community,2011,29,2011-07-21,1,154.5,54.0,2.861111111111111,,
Finland,2010,2,2010-01-15,1,81.3,26.0,3.126923076923077,,
Finland,2010,16,2010-04-21,1,75.39999999999999,60.0,1.2566666666666666,,
Finland,2010,19,2010-05-11,1,131.0,53.0,2.4716981132075473,,
Finland,2010,23,2010-06-13,1,84.54,46.0,1.837826086956522,,
Finland,2010,28,2010-07-13,1,180.0,48.0,3.75,,
Finland,2010,29,2010-07-19,1,30.299999999999997,18.0,1.6833333333333331,,
Finland,2010,36,2010-09-09,1,85.44,48.0,1.78,,
Finland,2010,39,2010-09-27,2,54.835,68.5,0.8005109489051095,,
Finland,2010,41,2010-10-13,1,84.95,19.0,4.471052631578948,,
Finland,2010,44,2010-11-05,1,81.63,53.0,1.540188679245283,,
Finland,2010,50,2010-12-16,1,60.480000000000004,144.0,0.42000000000000004,,
Finland,2011,3,2011-01-21,1,315.0,84.0,3.75,,
Finland,2011,4,2011-01-25,1,41.76,144.0,0.29,,
Finland,2011,8,2011-02-24,1,71.16,36.0,1.9766666666666666,,
Finland,2011,9,2011-03-01,2,378.90999999999997,229.0,1.6546288209606985,,
Finland,2011,11,2011-03-20,1,108.3,18.0,6.016666666666667,,
Finland,2011,13,2011-03-30,1,21.599999999999998,72.0,0.3,,
Finland,2011,15,2011-04-11,2,54.3,52.0,1.044230769230769,,
Finland,2011,16,2011-04-21,1,149.4,36.0,4.15,,
Finland,2011,25,2011-06-23,1,104.39999999999999,72.0,1.45,,
Finland,2011,27,2011-07-05,1,10.2,12.0,0.85,,
Finland,2011,28,2011-07-14,1,182.01000000000002,193.0,0.9430569948186529,,
Finland,2011,31,2011-08-04,1,20.8,10.0,2.08,,
Finland,2011,32,2011-08-11,1,89.0,85.0,1.0470588235294118,,
Finland,2011,34,2011-08-26,1,91.10000000000001,34.0,2.6794117647058826,,
Finland,2011,35,2011-09-02,1,61.1,24.0,2.5458333333333334,,
Finland,2011,38,2011-09-22,1,17.16,36.0,0.4766666666666667,,
Finland,2011,41,2011-10-12,2,66.125,34.5,1.9166666666666667,,
Finland,2011,43,2011-10-27,1,106.56,48.0,2.22,,
Finland,2011,44,2011-10-31,3,171.91666666666666,39.666666666666664,4.334033613445378,,
Finland,2011,46,2011-11-14,3,56.85666666666666,46.333333333333336,1.2271223021582731,,
Finland,2011,48,2011-11-30,3,200.62666666666667,66.66666666666667,3.0094,,
France,2009,49,2009-12-02,4,101.63250000000001,45.25,2.246022099447514,,
France,2009,50,2009-12-07,4,136.8275,83.75,1.6337611940298506,,
France,2009,51,2009-12-20,1,116.62,164.0,0.7110975609756098,,
France,2009,52,2009-12-21,1,32.85,7.0,4.692857142857143,,
France,2010,1,2010-01-07,3,252.04333333333332,229.66666666666666,1.0974310595065313,,
France,2010,2,2010-01-13,1,164.5,66.0,2.492424242424242,,
France,2010,3,2010-01-19,2,97.10000000000001,46.0,2.1108695652173917,,
France,2010,4,2010-01-26,2,101.28999999999999,117.0,0.8657264957264956,,
France,2010,5,2010-02-03,2,127.39,87.0,1.4642528735632183,,
France,2010,6,2010-02-09,10,109.609,95.8,1.144144050104384,,
France,2010,8,2010-02-23,3,108.66000000000001,47.333333333333336,2.2956338028169014,,
France,2010,9,2010-03-01,6,88.26666666666667,49.666666666666664,1.7771812080536913,,
France,2010,10,2010-03-09,4,40.3375,18.25,2.2102739726027396,,
France,2010,11,2010-03-15,2,209.57,124.0,1.6900806451612902,,
France,2010,12,2010-03-24,3,59.54,44.666666666666664,1.3329850746268657,,
France,2010,13,2010-04-01,1,159.89999999999998,94.0,1.7010638297872338,,
France,2010,14,2010-04-07,2,328.6,131.0,2.508396946564886,,
France,2010,15,2010-04-14,2,113.87,55.0,2.0703636363636364,,
France,2010,16,2010-04-21,2,126.06,90.0,1.4006666666666667,,
France,2010,17,2010-04-28,2,114.96,84.0,1.3685714285714285,,
France,2010,18,2010-05-06,7,282.55571428571426,160.14285714285714,1.7643978590544156,,
France,2010,19,2010-05-10,5,93.672,63.2,1.482151898734177,,
France,2010,20,2010-05-21,1,45.900000000000006,18.0,2.5500000000000003,,
France,2010,21,2010-05-26,2,95.975,54.5,1.7610091743119265,,
France,2010,22,2010-06-01,6,32.61666666666667,24.5,1.3312925170068028,,
France,2010,23,2010-06-09,3,75.94666666666667,45.333333333333336,1.6752941176470588,,
France,2010,24,2010-06-14,2,188.87,142.0,1.3300704225352113,,
France,2010,25,2010-06-22,2,63.7,44.0,1.4477272727272728,,
France,2010,26,2010-06-29,6,66.05833333333334,37.833333333333336,1.7460352422907488,,
France,2010,27,2010-07-05,2,113.67,75.0,1.5156,,
France,2010,28,2010-07-15,2,42.36,44.0,0.9627272727272728,,
France,2010,29,2010-07-22,3,70.45333333333333,89.66666666666667,0.785724907063197,,
France,2010,30,2010-07-27,4,97.45,57.25,1.7021834061135372,,
France,2010,31,2010-08-04,1,46.8,24.0,1.95,,
France,2010,32,2010-08-09,3,782.02,5699.333333333333,0.13721253947830156,,
France,2010,34,2010-08-23,4,109.80000000000001,74.0,1.483783783783784,,
France,2010,35,2010-08-31,7,66.79285714285714,42.42857142857143,1.5742424242424242,,
France,2010,36,2010-09-06,7,84.66714285714285,50.142857142857146,1.6885185185185183,,
France,2010,37,2010-09-14,1,64.2,30.0,2.14,,
France,2010,38,2010-09-22,3,96.36666666666667,68.66666666666667,1.4033980582524272,,
France,2010,39,2010-09-30,4,50.985,48.5,1.051237113402062,,
France,2010,40,2010-10-04,3,102.13666666666666,99.33333333333333,1.028221476510067,,
France,2010,41,2010-10-11,13,59.386153846153846,50.30769230769231,1.1804587155963302,,
France,2010,42,2010-10-20,6,49.98499999999999,28.833333333333332,1.7335838150289016,,
France,2010,43,2010-10-26,2,23.13,21.0,1.1014285714285714,,
France,2010,44,2010-11-02,3,57.14000000000001,51.333333333333336,1.1131168831168832,,
France,2010,45,2010-11-09,6,67.425,32.333333333333336,2.085309278350515,,
France,2010,46,2010-11-16,14,110.35642857142857,61.0,1.8091217798594847,,
France,2010,47,2010-11-22,9,66.96333333333334,47.55555555555556,1.4081074766355142,,
France,2010,48,2010-11-29,7,101.64,46.857142857142854,2.169146341463415,,
France,2010,49,2010-12-07,7,58.1,37.857142857142854,1.5347169811320756,,
France,2010,50,2010-12-15,2,20.645000000000003,14.0,1.4746428571428574,,
France,2010,51,2010-12-20,2,88.645,41.5,2.136024096385542,,
France,2011,1,2011-01-05,7,77.17142857142858,53.142857142857146,1.4521505376344086,,
France,2011,2,2011-01-10,11,136.4181818181818,95.72727272727273,1.425071225071225,,
France,2011,3,2011-01-17,3,172.51333333333332,81.66666666666667,2.112408163265306,,
France,2011,4,2011-01-24,4,109.465,42.5,2.5756470588235296,,
France,2011,5,2011-01-31,6,155.80999999999997,105.0,1.4839047619047616,,
France,2011,6,2011-02-08,3,78.66333333333334,58.333333333333336,1.3485142857142858,,
France,2011,7,2011-02-15,4,77.83999999999999,60.75,1.2813168724279833,,
France,2011,8,2011-02-21,5,49.88,35.2,1.4170454545454545,,
France,2011,9,2011-02-28,8,49.018750000000004,30.625,1.6006122448979594,,
France,2011,10,2011-03-11,2,92.25,63.0,1.4642857142857142,,
France,2011,11,2011-03-14,5,50.03,29.0,1.7251724137931035,,
France,2011,12,2011-03-21,7,74.35714285714286,47.57142857142857,1.5630630630630633,,
France,2011,13,2011-03-28,5,242.536,139.0,1.744863309352518,,
France,2011,14,2011-04-04,2,86.725,56.0,1.5486607142857143,,
France,2011,15,2011-04-14,2,80.605,51.5,1.5651456310679612,,
France,2011,16,2011-04-21,2,38.425,15.5,2.479032258064516,,
France,2011,17,2011-04-26,2,31.845000000000006,21.5,1.4811627906976748,,
France,2011,18,2011-05-03,5,63.928,49.8,1.283694779116466,,
France,2011,19,2011-05-09,9,105.21777777777778,84.33333333333333,1.2476416337285905,,
France,2011,20,2011-05-16,9,111.88777777777779,49.0,2.283424036281179,,
France,2011,21,2011-05-23,7,54.09285714285714,63.57142857142857,0.8508988764044944,,
France,2011,22,2011-05-31,4,147.95999999999998,94.5,1.5657142857142854,,
France,2011,23,2011-06-06,8,58.025,65.75,0.882509505703422,,
France,2011,24,2011-06-13,9,99.22222222222223,50.0,1.9844444444444447,,
France,2011,25,2011-06-21,4,89.15,70.0,1.2735714285714286,,
France,2011,26,2011-06-27,4,20.805,25.5,0.8158823529411765,,
France,2011,27,2011-07-04,5,76.876,32.0,2.402375,,
France,2011,28,2011-07-11,8,76.21375,46.5,1.6390053763440862,,
France,2011,29,2011-07-18,4,78.55250000000001,60.0,1.3092083333333335,,
France,2011,30,2011-07-29,1,126.02,110.0,1.1456363636363636,,
France,2011,31,2011-08-02,4,100.94500000000001,45.0,2.2432222222222222,,
France,2011,32,2011-08-10,2,78.4,50.0,1.568,,
France,2011,33,2011-08-15,7,86.5957142857143,54.0,1.6036243386243387,,
France,2011,34,2011-08-23,8,98.92375,66.25,1.493188679245283,,
France,2011,35,2011-08-31,6,70.90333333333332,40.5,1.750699588477366,,
France,2011,36,2011-09-05,10,124.398,61.0,2.039311475409836,,
France,2011,37,2011-09-14,4,188.27499999999998,85.0,2.215,,
France,2011,38,2011-09-19,14,81.44642857142857,49.57142857142857,1.6430115273775217,,
France,2011,39,2011-09-28,8,65.9175,43.0,1.5329651162790698,,
France,2011,40,2011-10-03,8,59.901250000000005,36.75,1.629965986394558,,
France,2011,41,2011-10-10,7,123.24571428571429,88.28571428571429,1.395987055016181,,
France,2011,42,2011-10-19,3,256.19,61.666666666666664,4.154432432432433,,
France,2011,43,2011-10-27,6,265.07666666666665,194.33333333333334,1.3640308747855916,,
France,2011,44,2011-10-31,10,63.452,50.6,1.25399209486166,,
France,2011,45,2011-11-08,15,66.26666666666667,50.06666666666667,1.3235685752330226,,
France,2011,46,2011-11-14,15,104.47,50.2,2.0810756972111553,,
France,2011,47,2011-11-21,9,104.21777777777777,48.77777777777778,2.1365831435079725,,
France,2011,48,2011-11-28,17,80.98176470588236,61.88235294117647,1.3086406844106464,,
France,2011,49,2011-12-05,7,115.94714285714285,58.142857142857146,1.994176904176904,,
Germany,2009,50,2009-12-07,5,164.48999999999998,35.2,4.673011363636363,,
Germany,2009,51,2009-12-14,5,137.892,130.8,1.0542201834862384,,
Germany,2009,52,2009-12-21,1,89.0,64.0,1.390625,,
Germany,2010,1,2010-01-07,1,56.099999999999994,54.0,1.0388888888888888,,
Germany,2010,2,2010-01-11,6,118.96166666666666,60.5,1.9663085399449034,,
Germany,2010,3,2010-01-22,3,205.71333333333334,114.66666666666667,1.7940116279069767,,
Germany,2010,4,2010-01-26,4,205.22750000000002,126.25,1.6255643564356437,,
Germany,2010,5,2010-02-01,6,42.181666666666665,27.0,1.5622839506172839,,
Germany,2010,6,2010-02-08,10,64.422,66.7,0.965847076461769,,
Germany,2010,7,2010-02-15,2,100.82000000000001,50.0,2.0164,,
Germany,2010,8,2010-02-25,3,117.44333333333333,46.333333333333336,2.5347482014388487,,
Germany,2010,9,2010-03-02,7,127.95714285714287,64.0,1.9993303571428573,,
Germany,2010,10,2010-03-08,3,21.966666666666665,13.333333333333334,1.6474999999999997,,
Germany,2010,11,2010-03-15,5,250.48399999999998,93.6,2.676111111111111,,
Germany,2010,12,2010-03-22,5,134.372,160.0,0.839825,,
Germany,2010,13,2010-04-01,5,62.636,39.6,1.5817171717171716,,
Germany,2010,14,2010-04-07,6,206.07333333333335,159.0,1.2960587002096438,,
Germany,2010,15,2010-04-12,4,247.14749999999998,140.75,1.7559325044404972,,
Germany,2010,16,2010-04-19,7,167.78714285714287,102.14285714285714,1.6426713286713288,,
Germany,2010,17,2010-04-26,6,38.333333333333336,25.0,1.5333333333333334,,
Germany,2010,18,2010-05-05,3,177.37333333333333,58.333333333333336,3.040685714285714,,
Germany,2010,19,2010-05-11,3,70.43333333333334,38.0,1.8535087719298247,,
Germany,2010,20,2010-05-18,5,104.84400000000001,58.8,1.783061224489796,,
Germany,2010,21,2010-05-24,4,49.03999999999999,42.5,1.1538823529411764,,
Germany,2010,22,2010-06-01,3,68.32666666666667,52.666666666666664,1.2973417721518987,,
Germany,2010,23,2010-06-07,7,75.36428571428571,70.42857142857143,1.070081135902637,,
Germany,2010,24,2010-06-15,4,196.9,123.75,1.5911111111111111,,
Germany,2010,25,2010-06-24,1,258.66,249.0,1.0387951807228917,,
Germany,2010,26,2010-06-28,11,120.81636363636363,66.9090909090909,1.805679347826087,,
Germany,2010,27,2010-07-05,8,102.08624999999999,90.75,1.1249173553719007,,
Germany,2010,28,2010-07-12,3,108.96666666666665,75.0,1.4528888888888887,,
Germany,2010,29,2010-07-20,5,107.21799999999999,71.8,1.4932869080779942,,
Germany,2010,30,2010-07-26,2,103.2,43.5,2.372413793103448,,
Germany,2010,31,2010-08-03,5,109.572,43.6,2.5131192660550457,,
Germany,2010,32,2010-08-11,2,27.1,9.0,3.011111111111111,,
Germany,2010,33,2010-08-16,6,67.66666666666667,51.0,1.3267973856209152,,
Germany,2010,34,2010-08-24,5,82.878,49.6,1.6709274193548387,,
Germany,2010,35,2010-08-31,4,82.6,41.0,2.0146341463414634,,
Germany,2010,36,2010-09-06,7,66.62,42.285714285714285,1.575472972972973,,
Germany,2010,37,2010-09-13,8,126.58625,87.625,1.444636233951498,,
Germany,2010,38,2010-09-20,2,90.015,66.5,1.353609022556391,,
Germany,2010,39,2010-09-27,9,81.69777777777777,47.22222222222222,1.730070588235294,,
Germany,2010,40,2010-10-04,7,125.67999999999999,83.14285714285714,1.5116151202749142,,
Germany,2010,41,2010-10-12,4,92.1575,92.25,0.9989972899728997,,
Germany,2010,42,2010-10-18,7,143.44714285714286,134.71428571428572,1.0648250265111348,,
Germany,2010,43,2010-10-25,7,66.23857142857143,45.857142857142854,1.4444548286604364,,
Germany,2010,44,2010-11-01,9,266.2344444444445,195.55555555555554,1.3614261363636366,,
Germany,2010,45,2010-11-08,5,101.50399999999999,70.8,1.4336723163841807,,
Germany,2010,46,2010-11-15,7,147.29285714285714,75.28571428571429,1.9564516129032257,,
Germany,2010,47,2010-11-22,8,112.32625,62.125,1.8080684104627767,,
Germany,2010,48,2010-11-29,10,99.158,52.6,1.8851330798479087,,
Germany,2010,49,2010-12-06,5,93.834,49.4,1.8994736842105264,,
Germany,2010,50,2010-12-17,8,100.87625,38.375,2.6286970684039086,,
Germany,2010,51,2010-12-20,3,197.00666666666666,115.0,1.7131014492753622,,
Germany,2011,1,2011-01-07,4,197.73999999999998,162.5,1.2168615384615384,,
Germany,2011,2,2011-01-10,6,65.21166666666666,68.5,0.9519951338199513,,
Germany,2011,3,2011-01-17,3,43.28333333333334,26.666666666666668,1.6231250000000002,,
Germany,2011,4,2011-01-24,10,109.80699999999999,62.3,1.7625521669341893,,
Germany,2011,5,2011-01-31,7,73.21857142857142,34.285714285714285,2.1355416666666667,,
Germany,2011,6,2011-02-09,4,115.86250000000001,46.5,2.4916666666666667,,
Germany,2011,7,2011-02-14,4,30.9625,9.75,3.1756410256410255,,
Germany,2011,8,2011-02-21,5,63.544,37.0,1.7174054054054053,,
Germany,2011,9,2011-03-01,3,78.74,39.333333333333336,2.001864406779661,,
Germany,2011,10,2011-03-07,6,87.44833333333334,48.5,1.8030584192439862,,
Germany,2011,11,2011-03-16,7,85.46428571428571,43.142857142857146,1.980960264900662,,
Germany,2011,12,2011-03-22,4,112.4825,50.75,2.2164039408866993,,
Germany,2011,13,2011-03-28,5,55.644000000000005,39.6,1.4051515151515153,,
Germany,2011,14,2011-04-04,4,106.77,53.0,2.0145283018867923,,
Germany,2011,15,2011-04-11,7,79.04142857142857,34.857142857142854,2.267581967213115,,
Germany,2011,16,2011-04-19,6,106.87833333333333,109.0,0.9805351681957186,,
Germany,2011,17,2011-04-27,3,132.78666666666666,76.66666666666667,1.7319999999999998,,
Germany,2011,18,2011-05-04,5,31.3,23.2,1.3491379310344829,,
Germany,2011,19,2011-05-09,11,195.08272727272725,104.45454545454545,1.8676327241079198,,
Germany,2011,20,2011-05-17,9,87.92,60.44444444444444,1.4545588235294118,,
Germany,2011,21,2011-05-23,10,60.925,25.6,2.3798828124999996,,
Germany,2011,22,2011-05-31,6,88.25,45.666666666666664,1.9324817518248176,,
Germany,2011,23,2011-06-06,4,126.17500000000001,43.5,2.9005747126436785,,
Germany,2011,24,2011-06-13,4,72.91,45.0,1.6202222222222222,,
Germany,2011,25,2011-06-20,4,94.97250000000001,68.5,1.3864598540145987,,
Germany,2011,26,2011-06-30,4,85.65,54.5,1.571559633027523,,
Germany,2011,27,2011-07-04,4,110.19749999999999,99.25,1.1103022670025189,,
Germany,2011,28,2011-07-12,6,66.13333333333334,52.0,1.271794871794872,,
Germany,2011,29,2011-07-19,11,92.88,58.18181818181818,1.5963749999999999,,
Germany,2011,30,2011-07-25,4,52.375,38.25,1.369281045751634,,
Germany,2011,31,2011-08-01,8,95.085,59.75,1.5913807531380753,,
Germany,2011,32,2011-08-08,1,123.03999999999999,76.0,1.6189473684210525,,
Germany,2011,33,2011-08-15,6,60.24333333333334,46.0,1.3096376811594204,,
Germany,2011,34,2011-08-22,12,50.615833333333335,44.583333333333336,1.1353084112149532,,
Germany,2011,35,2011-08-30,8,152.91125,71.625,2.134886561954625,,
Germany,2011,36,2011-09-06,7,76.45571428571428,74.42857142857143,1.0272360844529749,,
Germany,2011,37,2011-09-14,3,58.06666666666666,30.666666666666668,1.893478260869565,,
Germany,2011,38,2011-09-19,12,108.0725,61.333333333333336,1.7620516304347826,,
Germany,2011,39,2011-09-26,6,82.16833333333334,47.166666666666664,1.7420848056537104,,
Germany,2011,40,2011-10-05,15,105.02333333333333,83.4,1.2592725819344524,,
Germany,2011,41,2011-10-10,11,86.59636363636363,50.36363636363637,1.71942238267148,,
Germany,2011,42,2011-10-17,13,128.42000000000002,96.38461538461539,1.332370311252993,,
Germany,2011,43,2011-10-25,6,40.065000000000005,28.333333333333332,1.414058823529412,,
Germany,2011,44,2011-10-31,10,64.208,48.1,1.334885654885655,,
Germany,2011,45,2011-11-07,10,69.079,38.2,1.8083507853403138,,
Germany,2011,46,2011-11-14,21,107.32809523809523,56.285714285714285,1.9068443316412858,,
Germany,2011,47,2011-11-21,12,82.6225,47.5,1.739421052631579,,
Germany,2011,48,2011-11-28,13,71.4523076923077,34.46153846153846,2.0733928571428573,,
Germany,2011,49,2011-12-05,9,167.39555555555555,104.22222222222223,1.606140724946695,,
Greece,2009,50,2009-12-07,1,105.3,78.0,1.3499999999999999,,
Greece,2010,2,2010-01-14,1,221.35999999999999,140.0,1.581142857142857,,
Greece,2010,3,2010-01-21,1,772.38,146.0,5.29027397260274,,
Greece,2010,4,2010-01-25,1,70.80000000000001,24.0,2.9500000000000006,,
Greece,2010,9,2010-03-05,1,143.39000000000001,41.0,3.497317073170732,,
Greece,2010,17,2010-04-28,1,58.050000000000004,27.0,2.1500000000000004,,
Greece,2010,19,2010-05-12,1,103.1,70.0,1.4728571428571429,,
Greece,2010,20,2010-05-21,1,270.8,48.0,5.641666666666667,,
Greece,2010,26,2010-06-30,1,12.75,3.0,4.25,,
Greece,2010,34,2010-08-23,1,124.16999999999999,109.0,1.1391743119266053,,
Greece,2010,38,2010-09-22,1,246.36,68.0,3.6229411764705883,,
Greece,2010,40,2010-10-07,1,532.85,216.0,2.4668981481481485,,
Greece,2010,47,2010-11-23,1,113.24000000000001,56.0,2.0221428571428572,,
Greece,2011,4,2011-01-24,1,164.7,42.0,3.9214285714285713,,
Greece,2011,9,2011-03-04,1,69.6,52.0,1.3384615384615384,,
Greece,2011,14,2011-04-08,1,138.26000000000002,52.0,2.658846153846154,,
Greece,2011,28,2011-07-11,1,73.25999999999999,56.0,1.3082142857142856,,
Greece,2011,49,2011-12-06,1,60.7,14.0,4.335714285714286,,
Iceland,2010,43,2010-10-31,1,95.72,64.0,1.495625,,
Iceland,2010,49,2010-12-07,1,117.44,36.0,3.2622222222222224,,
Iceland,2011,4,2011-01-26,1,114.0,64.0,1.78125,,
Iceland,2011,14,2011-04-07,1,118.7,58.0,2.046551724137931,,
Iceland,2011,23,2011-06-09,1,40.199999999999996,36.0,1.1166666666666665,,
Iceland,2011,31,2011-08-02,1,84.75,21.0,4.035714285714286,,
Iceland,2011,44,2011-10-31,1,187.26,118.0,1.586949152542373,,
Iceland,2011,49,2011-12-07,1,33.68,40.0,0.842,,
Israel,2010,26,2010-07-01,1,415.8,120.0,3.4650000000000003,,
Israel,2010,45,2010-11-10,1,108.5,50.0,2.17,,
Israel,2011,7,2011-02-16,1,68.4,48.0,1.425,,
Israel,2011,28,2011-07-14,1,409.66,214.0,1.914299065420561,,
Israel,2011,33,2011-08-18,1,1036.79,753.0,1.376879150066401,,
Israel,2011,40,2011-10-04,1,43.17,41.0,1.0529268292682927,,
Italy,2009,51,2009-12-16,1,54.7,26.0,2.103846153846154,,
Italy,2010,9,2010-03-03,1,6.8,8.0,0.85,,
Italy,2010,10,2010-03-08,1,91.2,96.0,0.9500000000000001,,
Italy,2010,17,2010-04-28,2,52.64999999999999,39.0,1.3499999999999999,,
Italy,2010,18,2010-05-04,1,81.95,45.0,1.8211111111111111,,
Italy,2010,19,2010-05-10,1,245.4,67.0,3.662686567164179,,
Italy,2010,24,2010-06-14,1,15.0,12.0,1.25,,
Italy,2010,36,2010-09-08,1,30.0,24.0,1.25,,
Italy,2010,38,2010-09-22,1,95.39999999999999,84.0,1.1357142857142857,,
Italy,2010,42,2010-10-19,3,113.26666666666667,46.666666666666664,2.427142857142857,,
Italy,2010,43,2010-10-27,3,134.6833333333333,71.66666666666667,1.879302325581395,,
Italy,2010,44,2010-11-03,1,20.4,24.0,0.85,,
Italy,2010,45,2010-11-14,1,39.8,4.0,9.95,,
Italy,2010,46,2010-11-19,1,231.3,306.0,0.7558823529411766,,
Italy,2010,47,2010-11-26,1,85.80000000000001,36.0,2.3833333333333337,,
Italy,2010,48,2010-11-30,2,121.55000000000001,30.0,4.051666666666667,,
Italy,2010,51,2010-12-21,1,47.6,38.0,1.2526315789473685,,
Italy,2011,2,2011-01-13,1,107.55000000000001,69.0,1.5586956521739133,,
Italy,2011,3,2011-01-21,1,96.0,48.0,2.0,,
Italy,2011,4,2011-01-26,1,27.650000000000002,7.0,3.95,,
Italy,2011,7,2011-02-18,1,34.8,16.0,2.175,,
Italy,2011,9,2011-03-04,1,76.53,23.0,3.327391304347826,,
Italy,2011,11,2011-03-17,1,150.6,56.0,2.689285714285714,,
Italy,2011,13,2011-03-28,1,72.9,26.0,2.803846153846154,,
Italy,2011,14,2011-04-07,1,93.75,81.0,1.1574074074074074,,
Italy,2011,22,2011-05-31,1,94.9,38.0,2.4973684210526317,,
Italy,2011,23,2011-06-07,2,34.96,19.0,1.84,,
Italy,2011,30,2011-07-26,1,48.75,5.0,9.75,,
Italy,2011,31,2011-08-05,1,183.75,142.0,1.2940140845070423,,
Italy,2011,32,2011-08-10,1,103.56,104.0,0.9957692307692307,,
Italy,2011,34,2011-08-25,1,36.1,11.0,3.2818181818181817,,
Italy,2011,38,2011-09-20,1,65.0,14.0,4.642857142857143,,
Italy,2011,41,2011-10-13,1,25.5,6.0,4.25,,
Italy,2011,42,2011-10-18,1,148.44,102.0,1.4552941176470588,,
Italy,2011,43,2011-10-24,3,65.3,26.666666666666668,2.44875,,
Italy,2011,44,2011-10-31,2,84.285,31.5,2.6757142857142857,,
Italy,2011,46,2011-11-17,3,62.1,36.333333333333336,1.7091743119266054,,
Italy,2011,47,2011-11-21,4,89.83500000000001,37.25,2.4116778523489937,,
Japan,2010,5,2010-02-01,1,27.0,12.0,2.25,,
Japan,2010,8,2010-02-23,1,7.71,6.0,1.285,,
Japan,2010,25,2010-06-23,1,87.35,61.0,1.431967213114754,,
Japan,2010,26,2010-06-28,1,46.2,22.0,2.1,,
Japan,2010,27,2010-07-05,1,4.15,3.0,1.3833333333333335,,
Japan,2010,29,2010-07-23,1,271.9,190.0,1.4310526315789474,,
Japan,2010,36,2010-09-09,1,233.7,86.0,2.717441860465116,,
Japan,2010,41,2010-10-14,1,282.37,589.0,0.4794057724957555,,
Japan,2010,48,2010-12-05,1,133.84,60.0,2.2306666666666666,,
Japan,2010,49,2010-12-12,1,801.51,483.0,1.65944099378882,,
Japan,2011,5,2011-02-04,1,10.31,8.0,1.28875,,
Japan,2011,6,2011-02-09,1,510.12,320.0,1.594125,,
Japan,2011,9,2011-03-04,1,15.899999999999999,2.0,7.949999999999999,,
Japan,2011,10,2011-03-07,1,3.52,3.0,1.1733333333333333,,
Japan,2011,14,2011-04-05,1,894.3,370.0,2.417027027027027,,
Japan,2011,16,2011-04-18,1,274.56,576.0,0.4766666666666667,,
Japan,2011,25,2011-06-22,1,515.52,288.0,1.79,,
Japan,2011,30,2011-07-27,1,597.32,452.0,1.321504424778761,,
Japan,2011,43,2011-10-26,1,55.24,20.0,2.762,,
Japan,2011,46,2011-11-17,1,1628.22,612.0,2.6604901960784315,,
Korea,2010,37,2010-09-15,1,68.64000000000001,72.0,0.9533333333333336,,
Korea,2010,48,2010-11-29,1,127.98,102.0,1.2547058823529411,,
Lebanon,2011,4,2011-01-27,1,543.9,112.0,4.85625,,
Lithuania,2010,28,2010-07-14,1,249.51,245.0,1.0184081632653061,,
Lithuania,2010,44,2010-11-04,1,353.46000000000004,138.0,2.5613043478260873,,
Lithuania,2010,48,2010-12-05,2,226.79999999999998,80.0,2.835,,
Lithuania,2010,49,2010-12-08,1,63.0,30.0,2.1,,
Malta,2010,5,2010-02-01,1,150.13,99.0,1.5164646464646465,,
Malta,2010,34,2010-08-27,1,414.54,258.0,1.6067441860465117,,
Malta,2011,23,2011-06-08,1,154.47,105.0,1.471142857142857,,
Malta,2011,25,2011-06-22,1,30.0,24.0,1.25,,
Malta,2011,33,2011-08-15,1,203.48000000000002,84.0,2.4223809523809527,,
Malta,2011,34,2011-08-22,1,17.4,12.0,1.45,,
Malta,2011,46,2011-11-17,1,97.87,59.0,1.658813559322034,,
Netherlands,2009,49,2009-12-02,2,201.32999999999998,243.0,0.8285185185185184,,
Netherlands,2009,50,2009-12-08,1,23.4,10.0,2.34,,
Netherlands,2009,51,2009-12-16,2,921.92,758.0,1.2162532981530343,,
Netherlands,2010,3,2010-01-22,2,1010.5,764.0,1.3226439790575917,,
Netherlands,2010,4,2010-01-26,1,3623.56,2700.0,1.3420592592592593,,
Netherlands,2010,5,2010-02-03,1,45.0,12.0,3.75,,
Netherlands,2010,7,2010-02-18,2,1317.3300000000002,899.0,1.465328142380423,,
Netherlands,2010,8,2010-02-24,3,138.25,51.0,2.7107843137254903,,
Netherlands,2010,9,2010-03-02,1,370.98,318.0,1.1666037735849057,,
Netherlands,2010,10,2010-03-08,5,237.43199999999996,192.4,1.2340540540540539,,
Netherlands,2010,12,2010-03-25,4,272.375,199.5,1.3652882205513786,,
Netherlands,2010,13,2010-04-01,1,47.82,102.0,0.4688235294117647,,
Netherlands,2010,14,2010-04-08,2,54.85,32.0,1.7140625,,
Netherlands,2010,15,2010-04-13,2,54.775,52.5,1.0433333333333332,,
Netherlands,2010,16,2010-04-22,1,490.23,146.0,3.3577397260273973,,
Netherlands,2010,17,2010-04-30,2,342.355,294.5,1.1624957555178268,,
Netherlands,2010,18,2010-05-06,3,601.9866666666666,308.0,1.954502164502164,,
Netherlands,2010,19,2010-05-10,2,163.61,107.0,1.529065420560748,,
Netherlands,2010,21,2010-05-24,2,201.245,138.5,1.4530324909747292,,
Netherlands,2010,22,2010-06-03,2,356.45,266.0,1.3400375939849625,,
Netherlands,2010,24,2010-06-18,2,403.55,164.0,2.4606707317073173,,
Netherlands,2010,26,2010-06-28,3,247.02,219.33333333333334,1.1262310030395137,,
Netherlands,2010,27,2010-07-07,1,108.80000000000001,50.0,2.176,,
Netherlands,2010,28,2010-07-15,1,9.899999999999999,6.0,1.6499999999999997,,
Netherlands,2010,29,2010-07-19,2,159.58999999999997,79.0,2.020126582278481,,
Netherlands,2010,30,2010-07-26,2,121.535,75.0,1.6204666666666667,,
Netherlands,2010,31,2010-08-04,1,137.4,132.0,1.040909090909091,,
Netherlands,2010,32,2010-08-10,1,2730.2400000000002,2180.0,1.2524036697247707,,
Netherlands,2010,33,2010-08-17,2,795.73,427.0,1.863536299765808,,
Netherlands,2010,34,2010-08-24,2,37.175,46.0,0.8081521739130434,,
Netherlands,2010,35,2010-08-31,4,425.2425,308.25,1.3795377128953772,,
Netherlands,2010,36,2010-09-10,1,98.18,66.0,1.4875757575757578,,
Netherlands,2010,37,2010-09-14,3,588.33,403.6666666666667,1.4574649050371593,,
Netherlands,2010,38,2010-09-21,3,1038.013333333333,769.3333333333334,1.349237435008665,,
Netherlands,2010,39,2010-09-27,2,65.475,42.5,1.5405882352941176,,
Netherlands,2010,40,2010-10-08,1,153.24,132.0,1.160909090909091,,
Netherlands,2010,41,2010-10-13,2,1281.8999999999999,1342.0,0.9552160953800297,,
Netherlands,2010,42,2010-10-22,1,57.839999999999996,44.0,1.3145454545454545,,
Netherlands,2010,43,2010-10-25,1,84.03,57.0,1.4742105263157894,,
Netherlands,2010,44,2010-11-03,4,261.13,118.0,2.2129661016949154,,
Netherlands,2010,45,2010-11-08,2,179.23999999999998,149.0,1.202953020134228,,
Netherlands,2010,46,2010-11-17,2,537.3,396.0,1.3568181818181817,,
Netherlands,2010,47,2010-11-22,3,87.66000000000001,48.666666666666664,1.8012328767123291,,
Netherlands,2010,48,2010-11-29,5,342.228,213.2,1.6051969981238274,,
Netherlands,2010,51,2010-12-21,1,1126.52,1332.0,0.8457357357357357,,
Netherlands,2011,2,2011-01-14,1,1032.48,916.0,1.1271615720524018,,
Netherlands,2011,3,2011-01-19,2,897.48,777.0,1.155057915057915,,
Netherlands,2011,5,2011-01-31,1,22.04,32.0,0.68875,,
Netherlands,2011,6,2011-02-08,1,118.42,122.0,0.9706557377049181,,
Netherlands,2011,8,2011-02-21,3,1160.98,770.0,1.5077662337662339,,
Netherlands,2011,10,2011-03-09,1,42.099999999999994,34.0,1.2382352941176469,,
Netherlands,2011,11,2011-03-14,1,28.35,9.0,3.1500000000000004,,
Netherlands,2011,12,2011-03-22,3,16.89,28.333333333333332,0.5961176470588235,,
Netherlands,2011,13,2011-03-29,3,1116.1866666666667,666.6666666666666,1.6742800000000002,,
Netherlands,2011,14,2011-04-05,1,158.39999999999998,96.0,1.6499999999999997,,
Netherlands,2011,17,2011-04-28,1,101.76,96.0,1.06,,
Netherlands,2011,19,2011-05-11,3,787.7333333333332,486.6666666666667,1.6186301369863012,,
Netherlands,2011,20,2011-05-20,1,116.7,62.0,1.882258064516129,,
Netherlands,2011,21,2011-05-26,1,2047.6399999999999,1096.0,1.8682846715328465,,
Netherlands,2011,22,2011-05-31,5,165.99200000000002,93.6,1.7734188034188036,,
Netherlands,2011,23,2011-06-06,2,60.59,64.0,0.94671875,,
Netherlands,2011,24,2011-06-19,1,585.02,626.0,0.9345367412140575,,
Netherlands,2011,25,2011-06-20,2,36.875,23.5,1.5691489361702127,,
Netherlands,2011,26,2011-06-28,3,549.9066666666666,418.6666666666667,1.3134713375796176,,
Netherlands,2011,29,2011-07-20,1,2.9,2.0,1.45,,
Netherlands,2011,32,2011-08-09,3,1840.41,1368.0,1.3453289473684211,,
Netherlands,2011,34,2011-08-26,1,1107.68,816.0,1.3574509803921568,,
Netherlands,2011,36,2011-09-08,2,229.2,151.0,1.5178807947019868,,
Netherlands,2011,37,2011-09-13,1,1820.54,1030.0,1.767514563106796,,
Netherlands,2011,38,2011-09-19,3,401.59999999999997,241.66666666666666,1.6617931034482758,,
Netherlands,2011,40,2011-10-05,3,37.65666666666667,20.666666666666668,1.8220967741935485,,
Netherlands,2011,42,2011-10-18,5,1102.55,649.8,1.6967528470298554,,
Netherlands,2011,43,2011-10-27,2,428.9,366.0,1.1718579234972677,,
Netherlands,2011,44,2011-11-02,2,358.71,202.5,1.7714074074074073,,
Netherlands,2011,45,2011-11-10,1,1318.76,988.0,1.3347773279352226,,
Netherlands,2011,46,2011-11-20,1,35.04,36.0,0.9733333333333333,,
Netherlands,2011,47,2011-11-22,5,406.456,375.2,1.0833049040511729,,
Netherlands,2011,49,2011-12-07,2,1187.56,716.0,1.6586033519553072,,
Nigeria,2010,33,2010-08-20,1,17.55,28.0,0.6267857142857143,,
Norway,2009,50,2009-12-07,1,104.21,73.0,1.4275342465753424,,
Norway,2010,37,2010-09-16,1,196.14000000000001,110.0,1.7830909090909093,,
Norway,2010,44,2010-11-03,2,554.48,292.0,1.898904109589041,,
Norway,2010,48,2010-12-01,1,354.42,380.0,0.9326842105263158,,
Norway,2010,49,2010-12-08,1,427.16,362.0,1.1800000000000002,,
Norway,2011,5,2011-02-02,1,83.5,70.0,1.1928571428571428,,
Norway,2011,7,2011-02-16,1,54.35,13.0,4.180769230769231,,
Norway,2011,9,2011-03-01,1,48.85,7.0,6.978571428571429,,
Norway,2011,11,2011-03-17,1,17.4,12.0,1.45,,
Norway,2011,12,2011-03-22,1,17.700000000000003,6.0,2.9500000000000006,,
Norway,2011,25,2011-06-20,3,175.42999999999998,88.33333333333333,1.9859999999999998,,
Norway,2011,29,2011-07-22,1,81.95,35.0,2.3414285714285716,,
Norway,2011,32,2011-08-10,2,166.29500000000002,71.5,2.325804195804196,,
Norway,2011,35,2011-09-01,1,26.400000000000002,48.0,0.55,,
Norway,2011,36,2011-09-09,1,533.16,380.0,1.4030526315789473,,
Norway,2011,37,2011-09-15,1,12.48,6.0,2.08,,
Norway,2011,38,2011-09-19,2,466.40999999999997,209.0,2.231626794258373,,
Norway,2011,39,2011-09-28,1,19.9,2.0,9.95,,
Norway,2011,41,2011-10-12,1,74.9,6.0,12.483333333333334,,
Norway,2011,43,2011-10-27,3,207.41333333333333,110.66666666666667,1.8742168674698794,,
Norway,2011,44,2011-11-03,2,37.379999999999995,16.0,2.3362499999999997,,
Norway,2011,46,2011-11-18,1,167.05,69.0,2.4210144927536232,,
Norway,2011,47,2011-11-25,1,283.04,104.0,2.721538461538462,,
Norway,2011,48,2011-11-30,1,497.71999999999997,336.0,1.4813095238095237,,
Norway,2011,49,2011-12-05,3,657.68,596.0,1.103489932885906,,
Poland,2009,49,2009-12-03,1,11.9,2.0,5.95,,
Poland,2010,25,2010-06-24,1,200.42,100.0,2.0042,,
Poland,2010,26,2010-07-01,1,62.95,29.0,2.170689655172414,,
Poland,2010,34,2010-08-26,1,193.1,122.0,1.5827868852459015,,
Poland,2010,36,2010-09-06,2,76.075,48.5,1.5685567010309278,,
Poland,2010,45,2010-11-12,2,37.14,23.0,1.6147826086956523,,
Poland,2011,3,2011-01-17,1,145.55,43.0,3.3848837209302327,,
Poland,2011,5,2011-02-04,1,82.80000000000001,24.0,3.4500000000000006,,
Poland,2011,6,2011-02-08,1,60.5,58.0,1.043103448275862,,
Poland,2011,11,2011-03-15,1,69.4,16.0,4.3375,,
Poland,2011,14,2011-04-05,1,159.1,130.0,1.2238461538461538,,
Poland,2011,18,2011-05-05,1,40.7,34.0,1.197058823529412,,
Poland,2011,21,2011-05-25,2,85.975,51.5,1.6694174757281552,,
Poland,2011,22,2011-06-03,1,25.0,4.0,6.25,,
Poland,2011,24,2011-06-16,1,42.900000000000006,10.0,4.290000000000001,,
Poland,2011,28,2011-07-13,2,44.45,21.0,2.1166666666666667,,
Poland,2011,31,2011-08-03,1,41.3,14.0,2.9499999999999997,,
Poland,2011,36,2011-09-05,2,73.025,33.0,2.212878787878788,,
Poland,2011,44,2011-11-02,2,125.49000000000001,63.0,1.991904761904762,,
Portugal,2009,50,2009-12-08,1,44.099999999999994,14.0,3.1499999999999995,,
Portugal,2010,5,2010-02-01,1,45.300000000000004,24.0,1.8875000000000002,,
Portugal,2010,9,2010-03-02,1,78.60000000000001,26.0,3.0230769230769234,,
Portugal,2010,12,2010-03-24,1,200.69,98.0,2.047857142857143,,
Portugal,2010,17,2010-04-29,1,27.04,16.0,1.69,,
Portugal,2010,20,2010-05-23,1,45.45,11.0,4.131818181818182,,
Portugal,2010,23,2010-06-09,1,132.75,87.0,1.5258620689655173,,
Portugal,2010,25,2010-06-22,2,67.825,21.5,3.1546511627906977,,
Portugal,2010,26,2010-06-28,1,173.05,77.0,2.2474025974025977,,
Portugal,2010,27,2010-07-08,1,44.2,10.0,4.42,,
Portugal,2010,34,2010-08-26,1,13.52,8.0,1.69,,
Portugal,2010,35,2010-09-03,1,7.800000000000001,12.0,0.65,,
Portugal,2010,36,2010-09-06,1,65.33,52.0,1.2563461538461538,,
Portugal,2010,37,2010-09-16,2,61.995000000000005,42.0,1.4760714285714287,,
Portugal,2010,39,2010-09-30,1,45.900000000000006,17.0,2.7,,
Portugal,2010,40,2010-10-08,1,41.1,18.0,2.283333333333333,,
Portugal,2010,41,2010-10-11,3,109.11,66.66666666666667,1.63665,,
Portugal,2010,43,2010-10-28,1,142.56,182.0,0.7832967032967033,,
Portugal,2010,44,2010-11-03,1,15.0,12.0,1.25,,
Portugal,2010,45,2010-11-09,2,78.84,18.0,4.38,,
Portugal,2010,46,2010-11-16,1,106.2,36.0,2.95,,
Portugal,2010,47,2010-11-24,2,60.125,27.5,2.1863636363636365,,
Portugal,2010,49,2010-12-06,4,56.22,27.0,2.082222222222222,,
Portugal,2010,50,2010-12-17,1,71.1,34.0,2.091176470588235,,
Portugal,2011,1,2011-01-09,2,83.54,40.0,2.0885000000000002,,
Portugal,2011,3,2011-01-18,1,330.24,168.0,1.9657142857142857,,
Portugal,2011,4,2011-01-26,1,157.28,56.0,2.8085714285714287,,
Portugal,2011,8,2011-02-21,1,75.89999999999999,42.0,1.807142857142857,,
Portugal,2011,9,2011-02-28,1,39.0,20.0,1.95,,
Portugal,2011,10,2011-03-08,1,307.14,146.0,2.103698630136986,,
Portugal,2011,12,2011-03-23,1,36.0,16.0,2.25,,
Portugal,2011,13,2011-03-28,2,82.5,38.0,2.1710526315789473,,
Portugal,2011,14,2011-04-08,1,100.4,80.0,1.2550000000000001,,
Portugal,2011,15,2011-04-13,1,205.6,112.0,1.8357142857142856,,
Portugal,2011,19,2011-05-12,1,95.25,57.0,1.6710526315789473,,
Portugal,2011,23,2011-06-07,2,56.6,21.0,2.6952380952380954,,
Portugal,2011,24,2011-06-15,1,51.25,11.0,4.659090909090909,,
Portugal,2011,28,2011-07-13,2,108.3,80.0,1.35375,,
Portugal,2011,29,2011-07-20,1,115.5,70.0,1.65,,
Portugal,2011,33,2011-08-15,1,170.9,180.0,0.9494444444444444,,
Portugal,2011,35,2011-09-02,1,13.6,16.0,0.85,,
Portugal,2011,38,2011-09-22,2,126.315,95.5,1.3226701570680628,,
Portugal,2011,40,2011-10-06,2,126.795,79.0,1.605,,
Portugal,2011,41,2011-10-11,3,182.98000000000002,122.0,1.4998360655737706,,
Portugal,2011,42,2011-10-17,2,126.215,32.5,3.883538461538462,,
Portugal,2011,44,2011-11-03,1,30.6,12.0,2.5500000000000003,,
Portugal,2011,45,2011-11-07,2,48.43,38.0,1.2744736842105262,,
Portugal,2011,46,2011-11-14,2,47.175,20.5,2.301219512195122,,
Portugal,2011,47,2011-11-21,3,106.14999999999999,47.0,2.258510638297872,,
Portugal,2011,48,2011-12-02,1,259.67999999999995,234.0,1.1097435897435894,,
Portugal,2011,49,2011-12-05,3,62.949999999999996,22.333333333333332,2.8186567164179106,,
RSA,2010,5,2010-02-03,1,162.84,104.0,1.5657692307692308,,
RSA,2011,41,2011-10-13,1,137.53,49.0,2.806734693877551,,
Saudi Arabia,2011,8,2011-02-24,1,48.480000000000004,20.0,2.4240000000000004,,
Singapore,2010,17,2010-04-27,1,193.15,77.0,2.5084415584415587,,
Singapore,2010,36,2010-09-06,3,62.48,38.0,1.6442105263157893,,
Singapore,2011,4,2011-01-25,1,104.22,122.0,0.8542622950819672,,
Singapore,2011,14,2011-04-05,1,464.15999999999997,430.0,1.0794418604651161,,
Singapore,2011,29,2011-07-18,1,962.02,748.0,1.2861229946524064,,
Singapore,2011,41,2011-10-14,1,136.86,124.0,1.1037096774193549,,
Spain,2009,49,2009-12-04,1,118.08,216.0,0.5466666666666666,,
Spain,2009,51,2009-12-17,1,732.24,216.0,3.39,,
Spain,2009,52,2009-12-23,2,516.765,199.5,2.590300751879699,,
Spain,2010,1,2010-01-10,1,143.85,83.0,1.7331325301204819,,
Spain,2010,3,2010-01-22,1,169.66,158.0,1.0737974683544305,,
Spain,2010,4,2010-01-27,1,179.3,126.0,1.423015873015873,,
Spain,2010,5,2010-02-01,1,32.7,18.0,1.8166666666666669,,
Spain,2010,8,2010-02-28,1,6.35,1.0,6.35,,
Spain,2010,9,2010-03-01,1,20.58,49.0,0.42,,
Spain,2010,10,2010-03-09,1,48.3,22.0,2.1954545454545453,,
Spain,2010,12,2010-03-25,2,81.66,54.0,1.5122222222222221,,
Spain,2010,15,2010-04-13,2,42.5,22.0,1.9318181818181819,,
Spain,2010,18,2010-05-04,2,87.525,67.5,1.2966666666666669,,
Spain,2010,19,2010-05-13,1,176.85,108.0,1.6375,,
Spain,2010,24,2010-06-16,1,35.58,61.0,0.5832786885245901,,
Spain,2010,29,2010-07-22,1,15.0,4.0,3.75,,
Spain,2010,30,2010-07-28,1,104.25,66.0,1.5795454545454546,,
Spain,2010,32,2010-08-12,1,59.72,120.0,0.49766666666666665,,
Spain,2010,33,2010-08-22,1,33.39,21.0,1.59,,
Spain,2010,35,2010-08-31,1,48.48,48.0,1.01,,
Spain,2010,36,2010-09-06,1,130.1,94.0,1.3840425531914893,,
Spain,2010,37,2010-09-14,4,101.3475,80.5,1.258975155279503,,
Spain,2010,39,2010-09-29,3,83.28666666666668,53.333333333333336,1.561625,,
Spain,2010,40,2010-10-05,1,26.2,22.0,1.190909090909091,,
Spain,2010,41,2010-10-13,3,823.3899999999999,385.0,2.1386753246753245,,
Spain,2010,42,2010-10-19,3,425.09999999999997,221.33333333333334,1.9206325301204816,,
Spain,2010,44,2010-11-02,3,73.96666666666667,23.333333333333332,3.1700000000000004,,
Spain,2010,45,2010-11-09,1,1233.6,608.0,2.0289473684210524,,
Spain,2010,47,2010-11-26,2,137.925,69.0,1.998913043478261,,
Spain,2010,49,2010-12-09,1,20.55,13.0,1.580769230769231,,
Spain,2010,50,2010-12-13,2,117.75,47.0,2.50531914893617,,
Spain,2011,1,2011-01-07,1,153.15,90.0,1.7016666666666667,,
Spain,2011,2,2011-01-10,3,305.72,111.66666666666667,2.7377910447761193,,
Spain,2011,3,2011-01-18,2,99.785,55.5,1.7979279279279279,,
Spain,2011,4,2011-01-24,2,175.54,73.0,2.4046575342465752,,
Spain,2011,5,2011-02-01,2,51.099999999999994,45.5,1.1230769230769229,,
Spain,2011,6,2011-02-09,1,115.65,75.0,1.542,,
Spain,2011,7,2011-02-14,1,96.30000000000001,42.0,2.292857142857143,,
Spain,2011,9,2011-03-04,1,20.4,24.0,0.85,,
Spain,2011,11,2011-03-16,2,48.724999999999994,33.5,1.4544776119402982,,
Spain,2011,12,2011-03-22,3,178.38333333333333,58.0,3.075574712643678,,
Spain,2011,15,2011-04-11,1,56.6,38.0,1.4894736842105263,,
Spain,2011,16,2011-04-21,1,236.03,91.0,2.5937362637362638,,
Spain,2011,17,2011-04-28,1,40.2,30.0,1.34,,
Spain,2011,18,2011-05-04,2,191.55,90.0,2.1283333333333334,,
Spain,2011,22,2011-05-31,2,125.6,70.0,1.7942857142857143,,
Spain,2011,23,2011-06-06,2,92.59,65.0,1.4244615384615384,,
Spain,2011,24,2011-06-16,4,47.760000000000005,31.0,1.5406451612903227,,
Spain,2011,27,2011-07-04,2,914.7,302.0,3.028807947019868,,
Spain,2011,28,2011-07-11,1,57.95,45.0,1.287777777777778,,
Spain,2011,29,2011-07-20,1,31.8,4.0,7.95,,
Spain,2011,30,2011-07-25,2,182.64999999999998,179.0,1.0203910614525138,,
Spain,2011,31,2011-08-04,2,73.11999999999999,21.0,3.4819047619047616,,
Spain,2011,33,2011-08-16,2,12.504999999999999,6.5,1.9238461538461538,,
Spain,2011,34,2011-08-24,2,181.57999999999998,148.5,1.2227609427609427,,
Spain,2011,35,2011-08-31,1,16.5,4.0,4.125,,
Spain,2011,36,2011-09-05,2,115.255,47.5,2.426421052631579,,
Spain,2011,38,2011-09-19,4,155.47,127.0,1.2241732283464566,,
Spain,2011,39,2011-09-27,1,53.4,60.0,0.89,,
Spain,2011,40,2011-10-07,1,57.660000000000004,42.0,1.372857142857143,,
Spain,2011,41,2011-10-14,1,1076.6399999999999,432.0,2.492222222222222,,
Spain,2011,42,2011-10-18,3,95.58999999999999,95.66666666666667,0.9991986062717768,,
Spain,2011,43,2011-10-24,3,131.99666666666667,83.33333333333333,1.58396,,
Spain,2011,44,2011-11-03,2,131.875,53.0,2.4882075471698113,,
Spain,2011,45,2011-11-08,3,96.52333333333333,60.333333333333336,1.5998342541436463,,
Spain,2011,46,2011-11-17,4,74.805,50.5,1.4812871287128715,,
Spain,2011,47,2011-11-21,2,39.08,22.0,1.7763636363636364,,
Spain,2011,48,2011-11-29,1,45.34,24.0,1.8891666666666669,,
Spain,2011,49,2011-12-06,2,37.230000000000004,34.0,1.0950000000000002,,
Sweden,2010,3,2010-01-20,1,81.6,32.0,2.55,,
Sweden,2010,4,2010-01-31,1,150.9,75.0,2.012,,
Sweden,2010,6,2010-02-10,1,13.200000000000001,24.0,0.55,,
Sweden,2010,7,2010-02-16,1,17.700000000000003,6.0,2.9500000000000006,,
Sweden,2010,8,2010-02-24,4,232.82,182.0,1.2792307692307692,,
Sweden,2010,10,2010-03-09,3,82.56666666666666,32.666666666666664,2.5275510204081635,,
Sweden,2010,12,2010-03-22,1,53.4,36.0,1.4833333333333334,,
Sweden,2010,14,2010-04-07,4,237.79000000000002,313.0,0.7597124600638978,,
Sweden,2010,15,2010-04-16,4,278.5225,323.75,0.8603011583011583,,
Sweden,2010,16,2010-04-19,2,285.40000000000003,850.0,0.33576470588235297,,
Sweden,2010,19,2010-05-12,4,188.06,470.0,0.4001276595744681,,
Sweden,2010,23,2010-06-09,1,106.20000000000002,36.0,2.9500000000000006,,
Sweden,2010,26,2010-06-28,1,272.3,102.0,2.669607843137255,,
Sweden,2010,29,2010-07-19,1,23.400000000000002,36.0,0.65,,
Sweden,2010,30,2010-07-27,1,113.69999999999999,70.0,1.624285714285714,,
Sweden,2010,32,2010-08-13,2,80.58,78.0,1.033076923076923,,
Sweden,2010,33,2010-08-16,1,325.54,265.0,1.2284528301886792,,
Sweden,2010,36,2010-09-06,1,156.0,48.0,3.25,,
Sweden,2010,37,2010-09-14,1,76.39999999999999,56.0,1.364285714285714,,
Sweden,2010,39,2010-10-01,1,15.0,4.0,3.75,,
Sweden,2010,40,2010-10-04,3,185.48333333333335,183.0,1.0135701275045539,,
Sweden,2010,41,2010-10-12,1,164.28000000000003,78.0,2.1061538461538465,,
Sweden,2010,43,2010-10-27,1,113.63,69.0,1.6468115942028985,,
Sweden,2010,44,2010-11-02,1,39.599999999999994,24.0,1.6499999999999997,,
Sweden,2010,46,2010-11-19,2,189.45,36.0,5.262499999999999,,
Sweden,2010,47,2010-11-26,1,34.0,8.0,4.25,,
Sweden,2010,50,2010-12-17,1,215.1,378.0,0.569047619047619,,
Sweden,2011,1,2011-01-04,1,114.95999999999998,104.0,1.1053846153846152,,
Sweden,2011,4,2011-01-28,1,994.8000000000001,952.0,1.0449579831932774,,
Sweden,2011,5,2011-02-01,1,293.55,129.0,2.275581395348837,,
Sweden,2011,11,2011-03-14,1,338.40000000000003,288.0,1.175,,
Sweden,2011,12,2011-03-24,1,64.8,48.0,1.3499999999999999,,
Sweden,2011,15,2011-04-15,1,60.9,30.0,2.03,,
Sweden,2011,17,2011-04-27,1,33.0,20.0,1.65,,
Sweden,2011,19,2011-05-12,1,374.40000000000003,576.0,0.65,,
Sweden,2011,22,2011-06-02,1,61.75,49.0,1.260204081632653,,
Sweden,2011,25,2011-06-23,1,91.5,42.0,2.1785714285714284,,
Sweden,2011,27,2011-07-06,1,515.3399999999999,762.0,0.6762992125984251,,
Sweden,2011,30,2011-07-31,2,256.43,181.0,1.4167403314917126,,
Sweden,2011,31,2011-08-04,1,518.4,720.0,0.72,,
Sweden,2011,33,2011-08-16,1,56.0,37.0,1.5135135135135136,,
Sweden,2011,34,2011-08-25,1,38.099999999999994,29.0,1.3137931034482757,,
Sweden,2011,35,2011-09-02,1,30.9,29.0,1.0655172413793104,,
Sweden,2011,37,2011-09-13,1,1652.16,2112.0,0.7822727272727273,,
Sweden,2011,42,2011-10-17,1,457.0,570.0,0.8017543859649123,,
Sweden,2011,43,2011-10-30,1,39.120000000000005,60.0,0.652,,
Sweden,2011,44,2011-11-06,1,80.47,99.0,0.8128282828282828,,
Sweden,2011,45,2011-11-11,1,87.85,39.0,2.2525641025641026,,
Sweden,2011,46,2011-11-14,1,160.0,128.0,1.25,,
Switzerland,2009,51,2009-12-17,1,132.5,46.0,2.880434782608696,,
Switzerland,2010,6,2010-02-11,1,20.4,24.0,0.85,,
Switzerland,2010,9,2010-03-04,2,81.135,43.5,1.8651724137931036,,
Switzerland,2010,11,2010-03-19,1,41.2,28.0,1.4714285714285715,,
Switzerland,2010,14,2010-04-11,1,50.39999999999999,24.0,2.0999999999999996,,
Switzerland,2010,17,2010-04-29,1,176.28,104.0,1.695,,
Switzerland,2010,19,2010-05-12,1,21.54,22.0,0.979090909090909,,
Switzerland,2010,20,2010-05-18,3,418.46999999999997,251.0,1.6672111553784859,,
Switzerland,2010,21,2010-05-26,1,193.32,108.0,1.79,,
Switzerland,2010,26,2010-06-28,2,249.55,352.5,0.7079432624113475,,
Switzerland,2010,29,2010-07-25,1,15.299999999999999,6.0,2.55,,
Switzerland,2010,32,2010-08-09,2,86.39,51.0,1.693921568627451,,
Switzerland,2010,33,2010-08-20,1,115.28999999999999,75.0,1.5372,,
Switzerland,2010,35,2010-09-02,1,176.54,250.0,0.70616,,
Switzerland,2010,37,2010-09-15,1,82.0,22.0,3.727272727272727,,
Switzerland,2010,39,2010-09-30,1,19.799999999999997,12.0,1.6499999999999997,,
Switzerland,2010,40,2010-10-08,1,47.849999999999994,27.0,1.772222222222222,,
Switzerland,2010,41,2010-10-15,1,934.82,470.0,1.9889787234042555,,
Switzerland,2010,42,2010-10-22,1,45.24,28.0,1.6157142857142859,,
Switzerland,2010,43,2010-10-26,2,181.24,79.0,2.2941772151898734,,
Switzerland,2010,44,2010-11-02,1,63.18,42.0,1.5042857142857142,,
Switzerland,2010,45,2010-11-10,1,49.7,22.0,2.2590909090909093,,
Switzerland,2010,46,2010-11-15,2,734.2299999999999,261.5,2.807762906309751,,
Switzerland,2010,47,2010-11-23,1,62.03999999999999,48.0,1.2924999999999998,,
Switzerland,2010,51,2010-12-20,1,366.36,208.0,1.761346153846154,,
Switzerland,2011,3,2011-01-19,2,440.125,328.5,1.3398021308980212,,
Switzerland,2011,4,2011-01-28,1,72.89999999999999,34.0,2.1441176470588235,,
Switzerland,2011,5,2011-02-04,1,81.0,30.0,2.7,,
Switzerland,2011,8,2011-02-24,2,239.825,82.5,2.9069696969696968,,
Switzerland,2011,9,2011-02-28,1,48.0,34.0,1.411764705882353,,
Switzerland,2011,10,2011-03-09,1,156.6,108.0,1.45,,
Switzerland,2011,12,2011-03-25,1,106.2,36.0,2.95,,
Switzerland,2011,13,2011-03-30,1,150.66,133.0,1.132781954887218,,
Switzerland,2011,15,2011-04-14,1,113.6,30.0,3.7866666666666666,,
Switzerland,2011,16,2011-04-21,1,80.71,61.0,1.3231147540983605,,
Switzerland,2011,18,2011-05-05,1,488.73,436.0,1.1209403669724771,,
Switzerland,2011,19,2011-05-09,1,76.5,30.0,2.55,,
Switzerland,2011,22,2011-05-31,1,120.4,56.0,2.15,,
Switzerland,2011,23,2011-06-08,2,371.79999999999995,115.0,3.233043478260869,,
Switzerland,2011,25,2011-06-24,2,92.75,53.0,1.75,,
Switzerland,2011,27,2011-07-08,1,72.36000000000001,36.0,2.0100000000000002,,
Switzerland,2011,30,2011-07-25,3,195.28666666666666,111.33333333333333,1.7540718562874251,,
Switzerland,2011,31,2011-08-02,1,731.33,354.0,2.06590395480226,,
Switzerland,2011,32,2011-08-10,1,19.9,2.0,9.95,,
Switzerland,2011,33,2011-08-19,1,88.42,58.0,1.5244827586206897,,
Switzerland,2011,37,2011-09-14,1,41.44,20.0,2.072,,
Switzerland,2011,38,2011-09-22,1,315.29999999999995,198.0,1.5924242424242423,,
Switzerland,2011,39,2011-09-28,2,198.835,162.5,1.2236,,
Switzerland,2011,40,2011-10-05,1,497.02,364.0,1.3654395604395604,,
Switzerland,2011,41,2011-10-11,2,243.79500000000002,106.5,2.289154929577465,,
Switzerland,2011,43,2011-10-25,2,131.75,113.0,1.165929203539823,,
Switzerland,2011,44,2011-11-06,1,1336.8500000000001,565.0,2.3661061946902655,,
Switzerland,2011,46,2011-11-18,1,235.62,135.0,1.7453333333333334,,
Switzerland,2011,47,2011-11-23,1,62.9,38.0,1.6552631578947368,,
Switzerland,2011,48,2011-11-29,1,40.28,20.0,2.0140000000000002,,
Thailand,2010,25,2010-06-21,1,653.76,624.0,1.0476923076923077,,
Thailand,2010,27,2010-07-05,1,264.35,117.0,2.25940170940171,,
USA,2010,2,2010-01-11,1,68.10000000000001,30.0,2.2700000000000005,,
USA,2010,3,2010-01-19,1,369.8,116.0,3.1879310344827587,,
USA,2010,4,2010-01-27,1,79.35,53.0,1.4971698113207546,,
USA,2010,19,2010-05-11,1,79.35,53.0,1.4971698113207546,,
USA,2010,23,2010-06-09,1,60.6,60.0,1.01,,
USA,2010,25,2010-06-24,1,80.64,96.0,0.84,,
USA,2010,30,2010-07-30,1,45.699999999999996,6.0,7.616666666666666,,
USA,2010,41,2010-10-12,1,16.5,10.0,1.65,,
USA,2010,46,2010-11-15,1,31.799999999999997,16.0,1.9874999999999998,,
USA,2011,16,2011-04-19,1,24.0,6.0,4.0,,
USA,2011,41,2011-10-10,1,452.46,284.0,1.593169014084507,,
USA,2011,42,2011-10-21,1,55.56,48.0,1.1575,,
USA,2011,49,2011-12-05,1,82.20000000000002,84.0,0.9785714285714288,,
United Arab Emirates,2009,50,2009-12-10,1,178.01,163.0,1.092085889570552,,
United Arab Emirates,2010,8,2010-02-22,1,187.92000000000002,174.0,1.08,,
United Arab Emirates,2010,12,2010-03-24,1,296.42,488.0,0.6074180327868853,,
United Arab Emirates,2010,33,2010-08-19,1,390.62,262.0,1.4909160305343512,,
United Arab Emirates,2010,41,2010-10-11,1,25.200000000000003,12.0,2.1,,
United Arab Emirates,2010,45,2010-11-10,1,314.61,91.0,3.4572527472527472,,
United Arab Emirates,2011,7,2011-02-14,1,87.66,86.0,1.0193023255813953,,
United Arab Emirates,2011,35,2011-09-01,1,221.0,147.0,1.5034013605442176,,
United Kingdom,2009,49,2009-12-01,330,66.312,34.74848484848485,1.9083421993546699,,
United Kingdom,2009,50,2009-12-07,377,85.12962864721486,44.177718832891244,1.9269810867607327,,
United Kingdom,2009,51,2009-12-14,348,94.18597701149426,71.46551724137932,1.3179219943707277,,
United Kingdom,2009,52,2009-12-21,48,106.09229166666667,67.83333333333333,1.564014127764128,,
United Kingdom,2010,1,2010-01-04,148,140.58655405405406,85.79729729729729,1.6385895416601042,,
United Kingdom,2010,2,2010-01-11,180,108.57327777777778,59.92777777777778,1.8117354222675441,,
United Kingdom,2010,3,2010-01-18,192,70.47395833333333,44.890625,1.5699037011254204,,
United Kingdom,2010,4,2010-01-25,221,73.7247963800905,44.13122171945702,1.670581359581667,,
United Kingdom,2010,5,2010-02-01,202,83.00480198019802,49.78217821782178,1.667359785202864,,
United Kingdom,2010,6,2010-02-08,181,62.88580110497237,34.773480662983424,1.808441372735939,,
United Kingdom,2010,7,2010-02-15,210,90.6805238095238,57.042857142857144,1.589691126137407,,
United Kingdom,2010,8,2010-02-22,218,103.83211009174313,66.04128440366972,1.5722303257623118,,
United Kingdom,2010,9,2010-03-01,258,89.1786046511628,63.934108527131784,1.3948517732646257,,
United Kingdom,2010,10,2010-03-08,199,81.59356783919597,58.49246231155779,1.3949415807560137,,
United Kingdom,2010,11,2010-03-15,253,90.15229249011857,52.58498023715415,1.7144114552014431,,
United Kingdom,2010,12,2010-03-22,272,80.87823529411764,82.3125,0.9825753718343829,,
United Kingdom,2010,13,2010-03-29,210,89.07880952380953,50.114285714285714,1.777513302926644,,
United Kingdom,2010,14,2010-04-06,204,87.19044117647059,54.69607843137255,1.5940894425524288,,
United Kingdom,2010,15,2010-04-12,217,81.12308755760368,46.714285714285715,1.7365798559731676,,
United Kingdom,2010,16,2010-04-19,272,74.00088235294118,43.69117647058823,1.6937260181756986,,
United Kingdom,2010,17,2010-04-26,284,87.0580633802817,49.28521126760563,1.7664135171822535,,
United Kingdom,2010,18,2010-05-04,223,80.08789237668162,53.74887892376682,1.4900383781077926,,
United Kingdom,2010,19,2010-05-10,244,92.8366393442623,60.22540983606557,1.541486219802654,,
United Kingdom,2010,20,2010-05-17,234,81.96615384615386,57.9059829059829,1.4155040590405907,,
United Kingdom,2010,21,2010-05-24,256,76.882578125,66.03125,1.1643362517747278,,
United Kingdom,2010,22,2010-06-01,177,74.20796610169491,50.378531073446325,1.4730077380284847,,
United Kingdom,2010,23,2010-06-07,321,108.1842367601246,64.51713395638629,1.676829550941574,,
United Kingdom,2010,24,2010-06-14,236,73.15724576271187,47.92372881355932,1.5265349248452698,,
United Kingdom,2010,25,2010-06-21,206,67.99519417475729,38.56310679611651,1.763218781470292,,
United Kingdom,2010,26,2010-06-28,244,81.15950819672132,54.307377049180324,1.4944472115312055,,
United Kingdom,2010,27,2010-07-05,222,75.07693693693693,37.513513513513516,2.0013304514889527,,
United Kingdom,2010,28,2010-07-12,222,99.839009009009,61.21621621621622,1.630924208977189,,
United Kingdom,2010,29,2010-07-19,224,85.97928571428572,60.4375,1.4226148618702912,,
United Kingdom,2010,30,2010-07-26,217,106.03488479262673,49.06912442396313,2.1609288129226147,,
United Kingdom,2010,31,2010-08-02,214,94.70668224299065,55.177570093457945,1.716398204607046,,
United Kingdom,2010,32,2010-08-09,216,96.05277777777779,70.01851851851852,1.3718196244379794,,
United Kingdom,2010,33,2010-08-16,218,89.86899082568807,62.10550458715596,1.4470374473742522,,
United Kingdom,2010,34,2010-08-23,229,92.4232751091703,67.117903930131,1.377028627195836,,
United Kingdom,2010,35,2010-08-31,162,84.23117283950617,48.907407407407405,1.7222579830872145,,
United Kingdom,2010,36,2010-09-06,223,69.99331838565023,40.4304932735426,1.7312011978704525,,
United Kingdom,2010,37,2010-09-13,254,74.63444881889764,52.074803149606296,1.433216148786573,,
United Kingdom,2010,38,2010-09-20,304,90.19717105263157,60.88157894736842,1.4815182623730279,,
United Kingdom,2010,39,2010-09-27,360,115.32075,152.68055555555554,0.7553073774219959,,
United Kingdom,2010,40,2010-10-04,370,94.2105945945946,65.48108108108109,1.4387452534257883,,
United Kingdom,2010,41,2010-10-11,384,105.378359375,64.19010416666667,1.6416605136110998,,
United Kingdom,2010,42,2010-10-18,385,87.25735064935066,61.68051948051948,1.4146662736345645,,
United Kingdom,2010,43,2010-10-25,331,81.1863746223565,45.027190332326285,1.803052200751476,,
United Kingdom,2010,44,2010-11-01,371,82.31646900269541,59.83288409703504,1.3757730426164518,,
United Kingdom,2010,45,2010-11-08,445,83.95429213483146,46.65393258426966,1.7995115842204135,,
United Kingdom,2010,46,2010-11-15,451,75.55363636363637,49.84257206208426,1.5158454557587082,,
United Kingdom,2010,47,2010-11-22,469,70.43904051172709,43.04264392324094,1.636494278496062,,
United Kingdom,2010,48,2010-11-29,428,78.9846261682243,43.11214953271028,1.8320734879687837,,
United Kingdom,2010,49,2010-12-06,361,77.03096952908588,37.04986149584487,2.0791162616822434,,
United Kingdom,2010,50,2010-12-13,290,90.42203448275862,57.60689655172414,1.569639051837663,,
United Kingdom,2010,51,2010-12-20,69,77.38594202898551,49.68115942028985,1.5576516919486583,,
United Kingdom,2011,1,2011-01-04,168,102.04767857142856,68.79761904761905,1.4833024744765528,,
United Kingdom,2011,2,2011-01-10,163,85.229263803681,53.23312883435583,1.601056816872191,,
United Kingdom,2011,3,2011-01-17,146,71.42842465753424,46.986301369863014,1.5201967930029152,,
United Kingdom,2011,4,2011-01-24,198,69.78444444444445,41.025252525252526,1.7010119414009603,,
United Kingdom,2011,5,2011-01-31,191,75.29434554973821,48.25130890052356,1.5604622395833332,,
United Kingdom,2011,6,2011-02-07,146,82.31739726027398,46.794520547945204,1.7591247072599534,,
United Kingdom,2011,7,2011-02-14,193,77.66523316062175,70.04663212435233,1.1087647015311783,,
United Kingdom,2011,8,2011-02-21,200,90.11205,65.155,1.383041209423682,,
United Kingdom,2011,9,2011-02-28,188,75.45095744680852,45.52127659574468,1.6574877307782194,,
United Kingdom,2011,10,2011-03-07,200,71.43895,42.01,1.7005224946441326,,
United Kingdom,2011,11,2011-03-14,208,86.08254807692309,53.01923076923077,1.623609902067465,,
United Kingdom,2011,12,2011-03-21,211,75.7391943127962,49.62085308056872,1.5263581661891115,,
United Kingdom,2011,13,2011-03-28,236,70.77800847457627,52.94491525423729,1.3368235294117647,,
United Kingdom,2011,14,2011-04-04,228,65.24833333333333,45.16228070175438,1.4447528406331942,,
United Kingdom,2011,15,2011-04-11,252,80.61261904761905,53.42460317460318,1.5089044046646363,,
United Kingdom,2011,16,2011-04-18,189,114.3069312169312,73.63492063492063,1.5523467701372422,,
United Kingdom,2011,17,2011-04-26,136,91.7975,73.4779411764706,1.2493205243670569,,
United Kingdom,2011,18,2011-05-03,247,65.15627530364372,45.64372469635627,1.427496895511797,,
United Kingdom,2011,19,2011-05-09,268,75.72507462686568,41.3134328358209,1.8329407514450868,,
United Kingdom,2011,20,2011-05-16,314,79.9518152866242,42.37898089171974,1.8865912677538137,,
United Kingdom,2011,21,2011-05-23,218,75.05233944954128,39.30733944954128,1.9093721554440424,,
United Kingdom,2011,22,2011-05-31,167,83.022874251497,49.92215568862275,1.6630466594698332,,
United Kingdom,2011,23,2011-06-06,266,83.20906015037595,62.90601503759399,1.322752046853523,,
United Kingdom,2011,24,2011-06-13,243,96.31592592592592,49.8724279835391,1.9312459773908737,,
United Kingdom,2011,25,2011-06-20,206,69.87461165048543,45.28155339805825,1.5431142795883361,,
United Kingdom,2011,26,2011-06-27,173,66.0513294797688,41.76878612716763,1.5813562136728483,,
United Kingdom,2011,27,2011-07-04,229,85.72200873362445,57.23144104803494,1.4978132153212267,,
United Kingdom,2011,28,2011-07-11,208,65.93259615384615,46.48076923076923,1.4184919321472897,,
United Kingdom,2011,29,2011-07-18,229,86.32100436681222,72.13100436681222,1.1967253904831092,,
United Kingdom,2011,30,2011-07-25,241,92.20307053941909,64.83402489626556,1.42214016,,
United Kingdom,2011,31,2011-08-01,202,96.23316831683168,70.96534653465346,1.3560585978374609,,
United Kingdom,2011,32,2011-08-08,186,80.73865591397849,54.25268817204301,1.4881964126449312,,
United Kingdom,2011,33,2011-08-15,225,93.3891111111111,56.16,1.6629115226337448,,
United Kingdom,2011,34,2011-08-22,238,96.1927731092437,67.0798319327731,1.4340043845912938,,
United Kingdom,2011,35,2011-08-30,179,82.12703910614525,55.865921787709496,1.4700739999999999,,
United Kingdom,2011,36,2011-09-05,269,84.6171747211896,61.193308550185876,1.3827847639876072,,
United Kingdom,2011,37,2011-09-12,277,111.80747292418773,62.74368231046932,1.7819718066743384,,
United Kingdom,2011,38,2011-09-19,324,140.81746913580247,74.89814814814815,1.880119503852969,,
United Kingdom,2011,39,2011-09-26,324,92.32895061728395,59.71296296296296,1.546212849537396,,
United Kingdom,2011,40,2011-10-03,343,126.03160349854227,73.86297376093295,1.7062893230708505,,
United Kingdom,2011,41,2011-10-10,301,89.3385049833887,54.0,1.6544167589516425,,
United Kingdom,2011,42,2011-10-17,322,116.67903726708074,67.93788819875776,1.717436917169501,,
United Kingdom,2011,43,2011-10-24,381,92.35524934383201,59.63779527559055,1.5486026758207905,,
United Kingdom,2011,44,2011-10-31,387,105.04992248062015,61.56072351421189,1.706443922095366,,
United Kingdom,2011,45,2011-11-07,463,88.64736501079915,55.04103671706263,1.6105685920577621,,
United Kingdom,2011,46,2011-11-14,474,80.29162447257384,53.52320675105485,1.500127315727237,,
United Kingdom,2011,47,2011-11-21,425,87.75661176470588,47.24941176470588,1.8573059110602061,,
United Kingdom,2011,48,2011-11-28,449,81.26563474387528,48.16926503340757,1.6870847974847423,,
United Kingdom,2011,49,2011-12-05,369,143.48617886178863,86.04607046070461,1.667550628326667,,
Unspecified,2010,3,2010-01-19,1,11.9,2.0,5.95,,
Unspecified,2010,4,2010-01-27,1,168.95000000000002,79.0,2.138607594936709,,
Unspecified,2010,14,2010-04-06,1,110.9,62.0,1.788709677419355,,
Unspecified,2010,28,2010-07-13,2,180.04,88.0,2.045909090909091,,
Unspecified,2010,35,2010-09-01,1,127.2,55.0,2.312727272727273,,
Unspecified,2010,36,2010-09-12,1,171.55,165.0,1.0396969696969698,,
Unspecified,2010,48,2010-11-29,1,87.15,83.0,1.05,,
Unspecified,2011,15,2011-04-11,1,47.4,36.0,1.3166666666666667,,
Unspecified,2011,19,2011-05-10,1,123.96000000000001,75.0,1.6528,,
Unspecified,2011,25,2011-06-20,1,84.66000000000001,30.0,2.8220000000000005,,
Unspecified,2011,28,2011-07-14,1,75.8,28.0,2.707142857142857,,
Unspecified,2011,30,2011-07-28,2,53.485,47.5,1.126,,
Unspecified,2011,34,2011-08-22,2,49.915,20.5,2.434878048780488,,
West Indies,2010,34,2010-08-23,1,134.16,106.0,1.2656603773584905,,
