id,sku,product_name,warehouse_code,sale_date,quantity_sold,unit_price,revenue
1,SKU-PHA-501,Paracetamol 500mg Tablets (100s),WH-DXB-01,2026-08-29,11,12.00,132.00
2,SKU-PHA-502,Amoxicillin 250mg Antibiotic,WH-SIN-01,2026-08-29,35,24.50,857.50
3,SKU-PHA-503,Ibuprofen 400mg Anti-inflammatory,WH-DXB-01,2026-08-29,16,9.99,159.84
4,SKU-PHA-504,Vitamin C 1000mg Effervescent,WH-DXB-01,2026-08-29,11,7.50,82.50
5,SKU-PHA-505,Digital Infrared Thermometer,WH-SIN-01,2026-08-29,25,39.99,999.75
6,SKU-ELEC-601,Wireless Active Noise-Canceling Headphones,WH-LON-01,2026-08-29,45,129.99,5849.55
7,SKU-ELEC-602,Smart USB-C Fast Charger 65W,WH-DXB-01,2026-08-29,28,34.99,979.72
8,SKU-ELEC-603,Bluetooth Portable Speaker 20W,WH-NYC-01,2026-08-29,19,59.99,1139.81
9,SKU-ELEC-604,Ultra-Wide 27-inch 4K Monitor,WH-SIN-01,2026-08-29,42,349.99,14699.58
10,SKU-ELEC-605,Mechanical Gaming Keyboard RGB,WH-NYC-01,2026-08-29,29,89.99,2609.71
11,SKU-FMCG-701,Organic Almond Milk 1L,WH-SIN-01,2026-08-29,11,4.50,49.50
12,SKU-FMCG-702,Premium Arabica Coffee Beans 500g,WH-DXB-01,2026-08-29,17,16.99,288.83
13,SKU-FMCG-703,Extra Virgin Olive Oil 750ml,WH-SIN-01,2026-08-29,34,13.50,459.00
14,SKU-FMCG-704,Gluten-Free Oats 1kg,WH-LON-01,2026-08-29,34,5.25,178.50
15,SKU-FMCG-705,Dark Chocolate 85% Cocoa 100g,WH-LON-01,2026-08-29,22,3.49,76.78
16,SKU-APP-801,Performance Running Shoes Men Size 10,WH-DXB-01,2026-08-29,45,110.00,4950.00
17,SKU-APP-802,Breathable Athletic Socks (3-Pack),WH-NYC-01,2026-08-29,40,12.99,519.60
18,SKU-APP-803,Waterproof Outdoor Jacket XL,WH-FRA-01,2026-08-29,35,125.00,4375.00
19,SKU-IND-901,High-Precision Ball Bearing Set,WH-DXB-01,2026-08-29,17,45.00,765.00
20,SKU-IND-902,Industrial Hydraulic Pressure Valve,WH-FRA-01,2026-08-29,6,210.00,1260.00
21,SKU-PHA-501,Paracetamol 500mg Tablets (100s),WH-SIN-01,2026-08-28,17,12.00,204.00
22,SKU-PHA-502,Amoxicillin 250mg Antibiotic,WH-FRA-01,2026-08-28,8,24.50,196.00
23,SKU-PHA-503,Ibuprofen 400mg Anti-inflammatory,WH-SIN-01,2026-08-28,20,9.99,199.80
24,SKU-PHA-504,Vitamin C 1000mg Effervescent,WH-NYC-01,2026-08-28,22,7.50,165.00
25,SKU-PHA-505,Digital Infrared Thermometer,WH-SIN-01,2026-08-28,33,39.99,1319.67
26,SKU-ELEC-601,Wireless Active Noise-Canceling Headphones,WH-DXB-01,2026-08-28,45,129.99,5849.55
27,SKU-ELEC-602,Smart USB-C Fast Charger 65W,WH-LON-01,2026-08-28,11,34.99,384.89
28,SKU-ELEC-603,Bluetooth Portable Speaker 20W,WH-DXB-01,2026-08-28,34,59.99,2039.66
29,SKU-ELEC-604,Ultra-Wide 27-inch 4K Monitor,WH-SIN-01,2026-08-28,10,349.99,3499.90
30,SKU-ELEC-605,Mechanical Gaming Keyboard RGB,WH-SIN-01,2026-08-28,27,89.99,2429.73
31,SKU-FMCG-701,Organic Almond Milk 1L,WH-NYC-01,2026-08-28,39,4.50,175.50
32,SKU-FMCG-702,Premium Arabica Coffee Beans 500g,WH-DXB-01,2026-08-28,5,16.99,84.95
33,SKU-FMCG-703,Extra Virgin Olive Oil 750ml,WH-DXB-01,2026-08-28,24,13.50,324.00
34,SKU-FMCG-704,Gluten-Free Oats 1kg,WH-FRA-01,2026-08-28,29,5.25,152.25
35,SKU-FMCG-705,Dark Chocolate 85% Cocoa 100g,WH-DXB-01,2026-08-28,19,3.49,66.31
36,SKU-APP-801,Performance Running Shoes Men Size 10,WH-DXB-01,2026-08-28,12,110.00,1320.00
37,SKU-APP-802,Breathable Athletic Socks (3-Pack),WH-SIN-01,2026-08-28,15,12.99,194.85
38,SKU-APP-803,Waterproof Outdoor Jacket XL,WH-DXB-01,2026-08-28,24,125.00,3000.00
39,SKU-IND-901,High-Precision Ball Bearing Set,WH-FRA-01,2026-08-28,39,45.00,1755.00
40,SKU-IND-902,Industrial Hydraulic Pressure Valve,WH-DXB-01,2026-08-28,14,210.00,2940.00
41,SKU-PHA-501,Paracetamol 500mg Tablets (100s),WH-FRA-01,2026-08-27,6,12.00,72.00
42,SKU-PHA-502,Amoxicillin 250mg Antibiotic,WH-NYC-01,2026-08-27,19,24.50,465.50
43,SKU-PHA-503,Ibuprofen 400mg Anti-inflammatory,WH-FRA-01,2026-08-27,18,9.99,179.82
44,SKU-PHA-504,Vitamin C 1000mg Effervescent,WH-DXB-01,2026-08-27,25,7.50,187.50
45,SKU-PHA-505,Digital Infrared Thermometer,WH-SIN-01,2026-08-27,41,39.99,1639.59
46,SKU-ELEC-601,Wireless Active Noise-Canceling Headphones,WH-DXB-01,2026-08-27,14,129.99,1819.86
47,SKU-ELEC-602,Smart USB-C Fast Charger 65W,WH-FRA-01,2026-08-27,20,34.99,699.80
48,SKU-ELEC-603,Bluetooth Portable Speaker 20W,WH-FRA-01,2026-08-27,24,59.99,1439.76
49,SKU-ELEC-604,Ultra-Wide 27-inch 4K Monitor,WH-DXB-01,2026-08-27,25,349.99,8749.75
50,SKU-ELEC-605,Mechanical Gaming Keyboard RGB,WH-SIN-01,2026-08-27,22,89.99,1979.78
51,SKU-FMCG-701,Organic Almond Milk 1L,WH-DXB-01,2026-08-27,20,4.50,90.00
52,SKU-FMCG-702,Premium Arabica Coffee Beans 500g,WH-DXB-01,2026-08-27,17,16.99,288.83
53,SKU-FMCG-703,Extra Virgin Olive Oil 750ml,WH-FRA-01,2026-08-27,40,13.50,540.00
54,SKU-FMCG-704,Gluten-Free Oats 1kg,WH-DXB-01,2026-08-27,36,5.25,189.00
55,SKU-FMCG-705,Dark Chocolate 85% Cocoa 100g,WH-FRA-01,2026-08-27,9,3.49,31.41
56,SKU-APP-801,Performance Running Shoes Men Size 10,WH-NYC-01,2026-08-27,37,110.00,4070.00
57,SKU-APP-802,Breathable Athletic Socks (3-Pack),WH-NYC-01,2026-08-27,25,12.99,324.75
58,SKU-APP-803,Waterproof Outdoor Jacket XL,WH-NYC-01,2026-08-27,41,125.00,5125.00
59,SKU-IND-901,High-Precision Ball Bearing Set,WH-LON-01,2026-08-27,44,45.00,1980.00
60,SKU-IND-902,Industrial Hydraulic Pressure Valve,WH-SIN-01,2026-08-27,39,210.00,8190.00
61,SKU-PHA-501,Paracetamol 500mg Tablets (100s),WH-SIN-01,2026-08-26,36,12.00,432.00
62,SKU-PHA-502,Amoxicillin 250mg Antibiotic,WH-NYC-01,2026-08-26,24,24.50,588.00
63,SKU-PHA-503,Ibuprofen 400mg Anti-inflammatory,WH-FRA-01,2026-08-26,24,9.99,239.76
64,SKU-PHA-504,Vitamin C 1000mg Effervescent,WH-DXB-01,2026-08-26,27,7.50,202.50
65,SKU-PHA-505,Digital Infrared Thermometer,WH-DXB-01,2026-08-26,8,39.99,319.92
66,SKU-ELEC-601,Wireless Active Noise-Canceling Headphones,WH-LON-01,2026-08-26,30,129.99,3899.70
67,SKU-ELEC-602,Smart USB-C Fast Charger 65W,WH-NYC-01,2026-08-26,11,34.99,384.89
68,SKU-ELEC-603,Bluetooth Portable Speaker 20W,WH-LON-01,2026-08-26,7,59.99,419.93
69,SKU-ELEC-604,Ultra-Wide 27-inch 4K Monitor,WH-NYC-01,2026-08-26,43,349.99,15049.57
70,SKU-ELEC-605,Mechanical Gaming Keyboard RGB,WH-NYC-01,2026-08-26,10,89.99,899.90
71,SKU-FMCG-701,Organic Almond Milk 1L,WH-LON-01,2026-08-26,24,4.50,108.00
72,SKU-FMCG-702,Premium Arabica Coffee Beans 500g,WH-DXB-01,2026-08-26,10,16.99,169.90
73,SKU-FMCG-703,Extra Virgin Olive Oil 750ml,WH-FRA-01,2026-08-26,37,13.50,499.50
74,SKU-FMCG-704,Gluten-Free Oats 1kg,WH-DXB-01,2026-08-26,30,5.25,157.50
75,SKU-FMCG-705,Dark Chocolate 85% Cocoa 100g,WH-LON-01,2026-08-26,30,3.49,104.70
76,SKU-APP-801,Performance Running Shoes Men Size 10,WH-NYC-01,2026-08-26,32,110.00,3520.00
77,SKU-APP-802,Breathable Athletic Socks (3-Pack),WH-NYC-01,2026-08-26,17,12.99,220.83
78,SKU-APP-803,Waterproof Outdoor Jacket XL,WH-DXB-01,2026-08-26,7,125.00,875.00
79,SKU-IND-901,High-Precision Ball Bearing Set,WH-FRA-01,2026-08-26,15,45.00,675.00
80,SKU-IND-902,Industrial Hydraulic Pressure Valve,WH-LON-01,2026-08-26,31,210.00,6510.00
81,SKU-PHA-501,Paracetamol 500mg Tablets (100s),WH-DXB-01,2026-08-25,26,12.00,312.00
82,SKU-PHA-502,Amoxicillin 250mg Antibiotic,WH-NYC-01,2026-08-25,11,24.50,269.50
83,SKU-PHA-503,Ibuprofen 400mg Anti-inflammatory,WH-FRA-01,2026-08-25,7,9.99,69.93
84,SKU-PHA-504,Vitamin C 1000mg Effervescent,WH-LON-01,2026-08-25,12,7.50,90.00
85,SKU-PHA-505,Digital Infrared Thermometer,WH-FRA-01,2026-08-25,27,39.99,1079.73
86,SKU-ELEC-601,Wireless Active Noise-Canceling Headphones,WH-DXB-01,2026-08-25,16,129.99,2079.84
87,SKU-ELEC-602,Smart USB-C Fast Charger 65W,WH-FRA-01,2026-08-25,30,34.99,1049.70
88,SKU-ELEC-603,Bluetooth Portable Speaker 20W,WH-FRA-01,2026-08-25,44,59.99,2639.56
89,SKU-ELEC-604,Ultra-Wide 27-inch 4K Monitor,WH-NYC-01,2026-08-25,20,349.99,6999.80
90,SKU-ELEC-605,Mechanical Gaming Keyboard RGB,WH-FRA-01,2026-08-25,42,89.99,3779.58
91,SKU-FMCG-701,Organic Almond Milk 1L,WH-NYC-01,2026-08-25,44,4.50,198.00
92,SKU-FMCG-702,Premium Arabica Coffee Beans 500g,WH-SIN-01,2026-08-25,40,16.99,679.60
93,SKU-FMCG-703,Extra Virgin Olive Oil 750ml,WH-SIN-01,2026-08-25,11,13.50,148.50
94,SKU-FMCG-704,Gluten-Free Oats 1kg,WH-FRA-01,2026-08-25,28,5.25,147.00
95,SKU-FMCG-705,Dark Chocolate 85% Cocoa 100g,WH-FRA-01,2026-08-25,14,3.49,48.86
96,SKU-APP-801,Performance Running Shoes Men Size 10,WH-FRA-01,2026-08-25,11,110.00,1210.00
97,SKU-APP-802,Breathable Athletic Socks (3-Pack),WH-DXB-01,2026-08-25,43,12.99,558.57
98,SKU-APP-803,Waterproof Outdoor Jacket XL,WH-SIN-01,2026-08-25,15,125.00,1875.00
99,SKU-IND-901,High-Precision Ball Bearing Set,WH-NYC-01,2026-08-25,10,45.00,450.00
100,SKU-IND-902,Industrial Hydraulic Pressure Valve,WH-SIN-01,2026-08-25,33,210.00,6930.00
101,SKU-PHA-501,Paracetamol 500mg Tablets (100s),WH-NYC-01,2026-08-24,8,12.00,96.00
102,SKU-PHA-502,Amoxicillin 250mg Antibiotic,WH-SIN-01,2026-08-24,10,24.50,245.00
103,SKU-PHA-503,Ibuprofen 400mg Anti-inflammatory,WH-DXB-01,2026-08-24,43,9.99,429.57
104,SKU-PHA-504,Vitamin C 1000mg Effervescent,WH-LON-01,2026-08-24,29,7.50,217.50
105,SKU-PHA-505,Digital Infrared Thermometer,WH-SIN-01,2026-08-24,41,39.99,1639.59
106,SKU-ELEC-601,Wireless Active Noise-Canceling Headphones,WH-FRA-01,2026-08-24,35,129.99,4549.65
107,SKU-ELEC-602,Smart USB-C Fast Charger 65W,WH-DXB-01,2026-08-24,26,34.99,909.74
108,SKU-ELEC-603,Bluetooth Portable Speaker 20W,WH-SIN-01,2026-08-24,44,59.99,2639.56
109,SKU-ELEC-604,Ultra-Wide 27-inch 4K Monitor,WH-DXB-01,2026-08-24,17,349.99,5949.83
110,SKU-ELEC-605,Mechanical Gaming Keyboard RGB,WH-LON-01,2026-08-24,26,89.99,2339.74
111,SKU-FMCG-701,Organic Almond Milk 1L,WH-SIN-01,2026-08-24,44,4.50,198.00
112,SKU-FMCG-702,Premium Arabica Coffee Beans 500g,WH-LON-01,2026-08-24,31,16.99,526.69
113,SKU-FMCG-703,Extra Virgin Olive Oil 750ml,WH-DXB-01,2026-08-24,19,13.50,256.50
114,SKU-FMCG-704,Gluten-Free Oats 1kg,WH-FRA-01,2026-08-24,20,5.25,105.00
115,SKU-FMCG-705,Dark Chocolate 85% Cocoa 100g,WH-SIN-01,2026-08-24,20,3.49,69.80
116,SKU-APP-801,Performance Running Shoes Men Size 10,WH-DXB-01,2026-08-24,28,110.00,3080.00
117,SKU-APP-802,Breathable Athletic Socks (3-Pack),WH-SIN-01,2026-08-24,39,12.99,506.61
118,SKU-APP-803,Waterproof Outdoor Jacket XL,WH-LON-01,2026-08-24,44,125.00,5500.00
119,SKU-IND-901,High-Precision Ball Bearing Set,WH-FRA-01,2026-08-24,42,45.00,1890.00
120,SKU-IND-902,Industrial Hydraulic Pressure Valve,WH-DXB-01,2026-08-24,37,210.00,7770.00
121,SKU-PHA-501,Paracetamol 500mg Tablets (100s),WH-LON-01,2026-08-23,39,12.00,468.00
122,SKU-PHA-502,Amoxicillin 250mg Antibiotic,WH-NYC-01,2026-08-23,38,24.50,931.00
123,SKU-PHA-503,Ibuprofen 400mg Anti-inflammatory,WH-DXB-01,2026-08-23,21,9.99,209.79
124,SKU-PHA-504,Vitamin C 1000mg Effervescent,WH-FRA-01,2026-08-23,8,7.50,60.00
125,SKU-PHA-505,Digital Infrared Thermometer,WH-DXB-01,2026-08-23,31,39.99,1239.69
126,SKU-ELEC-601,Wireless Active Noise-Canceling Headphones,WH-DXB-01,2026-08-23,8,129.99,1039.92
127,SKU-ELEC-602,Smart USB-C Fast Charger 65W,WH-NYC-01,2026-08-23,17,34.99,594.83
128,SKU-ELEC-603,Bluetooth Portable Speaker 20W,WH-FRA-01,2026-08-23,13,59.99,779.87
129,SKU-ELEC-604,Ultra-Wide 27-inch 4K Monitor,WH-SIN-01,2026-08-23,11,349.99,3849.89
130,SKU-ELEC-605,Mechanical Gaming Keyboard RGB,WH-DXB-01,2026-08-23,21,89.99,1889.79
131,SKU-FMCG-701,Organic Almond Milk 1L,WH-FRA-01,2026-08-23,41,4.50,184.50
132,SKU-FMCG-702,Premium Arabica Coffee Beans 500g,WH-FRA-01,2026-08-23,38,16.99,645.62
133,SKU-FMCG-703,Extra Virgin Olive Oil 750ml,WH-NYC-01,2026-08-23,11,13.50,148.50
134,SKU-FMCG-704,Gluten-Free Oats 1kg,WH-NYC-01,2026-08-23,7,5.25,36.75
135,SKU-FMCG-705,Dark Chocolate 85% Cocoa 100g,WH-FRA-01,2026-08-23,18,3.49,62.82
136,SKU-APP-801,Performance Running Shoes Men Size 10,WH-DXB-01,2026-08-23,23,110.00,2530.00
137,SKU-APP-802,Breathable Athletic Socks (3-Pack),WH-NYC-01,2026-08-23,29,12.99,376.71
138,SKU-APP-803,Waterproof Outdoor Jacket XL,WH-LON-01,2026-08-23,20,125.00,2500.00
139,SKU-IND-901,High-Precision Ball Bearing Set,WH-NYC-01,2026-08-23,40,45.00,1800.00
140,SKU-IND-902,Industrial Hydraulic Pressure Valve,WH-SIN-01,2026-08-23,38,210.00,7980.00
141,SKU-PHA-501,Paracetamol 500mg Tablets (100s),WH-LON-01,2026-08-22,42,12.00,504.00
142,SKU-PHA-502,Amoxicillin 250mg Antibiotic,WH-FRA-01,2026-08-22,44,24.50,1078.00
143,SKU-PHA-503,Ibuprofen 400mg Anti-inflammatory,WH-NYC-01,2026-08-22,8,9.99,79.92
144,SKU-PHA-504,Vitamin C 1000mg Effervescent,WH-DXB-01,2026-08-22,41,7.50,307.50
145,SKU-PHA-505,Digital Infrared Thermometer,WH-SIN-01,2026-08-22,36,39.99,1439.64
146,SKU-ELEC-601,Wireless Active Noise-Canceling Headphones,WH-SIN-01,2026-08-22,44,129.99,5719.56
147,SKU-ELEC-602,Smart USB-C Fast Charger 65W,WH-SIN-01,2026-08-22,9,34.99,314.91
148,SKU-ELEC-603,Bluetooth Portable Speaker 20W,WH-FRA-01,2026-08-22,33,59.99,1979.67
149,SKU-ELEC-604,Ultra-Wide 27-inch 4K Monitor,WH-DXB-01,2026-08-22,17,349.99,5949.83
150,SKU-ELEC-605,Mechanical Gaming Keyboard RGB,WH-DXB-01,2026-08-22,6,89.99,539.94
151,SKU-FMCG-701,Organic Almond Milk 1L,WH-DXB-01,2026-08-22,41,4.50,184.50
152,SKU-FMCG-702,Premium Arabica Coffee Beans 500g,WH-NYC-01,2026-08-22,39,16.99,662.61
153,SKU-FMCG-703,Extra Virgin Olive Oil 750ml,WH-NYC-01,2026-08-22,43,13.50,580.50
154,SKU-FMCG-704,Gluten-Free Oats 1kg,WH-DXB-01,2026-08-22,13,5.25,68.25
155,SKU-FMCG-705,Dark Chocolate 85% Cocoa 100g,WH-NYC-01,2026-08-22,42,3.49,146.58
156,SKU-APP-801,Performance Running Shoes Men Size 10,WH-SIN-01,2026-08-22,17,110.00,1870.00
157,SKU-APP-802,Breathable Athletic Socks (3-Pack),WH-DXB-01,2026-08-22,33,12.99,428.67
158,SKU-APP-803,Waterproof Outdoor Jacket XL,WH-FRA-01,2026-08-22,25,125.00,3125.00
159,SKU-IND-901,High-Precision Ball Bearing Set,WH-SIN-01,2026-08-22,11,45.00,495.00
160,SKU-IND-902,Industrial Hydraulic Pressure Valve,WH-FRA-01,2026-08-22,6,210.00,1260.00
161,SKU-PHA-501,Paracetamol 500mg Tablets (100s),WH-LON-01,2026-08-21,16,12.00,192.00
162,SKU-PHA-502,Amoxicillin 250mg Antibiotic,WH-SIN-01,2026-08-21,9,24.50,220.50
163,SKU-PHA-503,Ibuprofen 400mg Anti-inflammatory,WH-SIN-01,2026-08-21,6,9.99,59.94
164,SKU-PHA-504,Vitamin C 1000mg Effervescent,WH-DXB-01,2026-08-21,43,7.50,322.50
165,SKU-PHA-505,Digital Infrared Thermometer,WH-NYC-01,2026-08-21,39,39.99,1559.61
166,SKU-ELEC-601,Wireless Active Noise-Canceling Headphones,WH-LON-01,2026-08-21,30,129.99,3899.70
167,SKU-ELEC-602,Smart USB-C Fast Charger 65W,WH-SIN-01,2026-08-21,10,34.99,349.90
168,SKU-ELEC-603,Bluetooth Portable Speaker 20W,WH-SIN-01,2026-08-21,27,59.99,1619.73
169,SKU-ELEC-604,Ultra-Wide 27-inch 4K Monitor,WH-NYC-01,2026-08-21,29,349.99,10149.71
170,SKU-ELEC-605,Mechanical Gaming Keyboard RGB,WH-SIN-01,2026-08-21,19,89.99,1709.81
171,SKU-FMCG-701,Organic Almond Milk 1L,WH-DXB-01,2026-08-21,26,4.50,117.00
172,SKU-FMCG-702,Premium Arabica Coffee Beans 500g,WH-FRA-01,2026-08-21,31,16.99,526.69
173,SKU-FMCG-703,Extra Virgin Olive Oil 750ml,WH-NYC-01,2026-08-21,42,13.50,567.00
174,SKU-FMCG-704,Gluten-Free Oats 1kg,WH-FRA-01,2026-08-21,8,5.25,42.00
175,SKU-FMCG-705,Dark Chocolate 85% Cocoa 100g,WH-FRA-01,2026-08-21,45,3.49,157.05
176,SKU-APP-801,Performance Running Shoes Men Size 10,WH-SIN-01,2026-08-21,12,110.00,1320.00
177,SKU-APP-802,Breathable Athletic Socks (3-Pack),WH-FRA-01,2026-08-21,45,12.99,584.55
178,SKU-APP-803,Waterproof Outdoor Jacket XL,WH-NYC-01,2026-08-21,23,125.00,2875.00
179,SKU-IND-901,High-Precision Ball Bearing Set,WH-NYC-01,2026-08-21,28,45.00,1260.00
180,SKU-IND-902,Industrial Hydraulic Pressure Valve,WH-DXB-01,2026-08-21,38,210.00,7980.00
181,SKU-PHA-501,Paracetamol 500mg Tablets (100s),WH-SIN-01,2026-08-20,43,12.00,516.00
182,SKU-PHA-502,Amoxicillin 250mg Antibiotic,WH-DXB-01,2026-08-20,45,24.50,1102.50
183,SKU-PHA-503,Ibuprofen 400mg Anti-inflammatory,WH-SIN-01,2026-08-20,30,9.99,299.70
184,SKU-PHA-504,Vitamin C 1000mg Effervescent,WH-LON-01,2026-08-20,33,7.50,247.50
185,SKU-PHA-505,Digital Infrared Thermometer,WH-DXB-01,2026-08-20,28,39.99,1119.72
186,SKU-ELEC-601,Wireless Active Noise-Canceling Headphones,WH-LON-01,2026-08-20,13,129.99,1689.87
187,SKU-ELEC-602,Smart USB-C Fast Charger 65W,WH-NYC-01,2026-08-20,18,34.99,629.82
188,SKU-ELEC-603,Bluetooth Portable Speaker 20W,WH-SIN-01,2026-08-20,13,59.99,779.87
189,SKU-ELEC-604,Ultra-Wide 27-inch 4K Monitor,WH-NYC-01,2026-08-20,23,349.99,8049.77
190,SKU-ELEC-605,Mechanical Gaming Keyboard RGB,WH-DXB-01,2026-08-20,45,89.99,4049.55
191,SKU-FMCG-701,Organic Almond Milk 1L,WH-LON-01,2026-08-20,35,4.50,157.50
192,SKU-FMCG-702,Premium Arabica Coffee Beans 500g,WH-SIN-01,2026-08-20,34,16.99,577.66
193,SKU-FMCG-703,Extra Virgin Olive Oil 750ml,WH-NYC-01,2026-08-20,31,13.50,418.50
194,SKU-FMCG-704,Gluten-Free Oats 1kg,WH-LON-01,2026-08-20,24,5.25,126.00
195,SKU-FMCG-705,Dark Chocolate 85% Cocoa 100g,WH-DXB-01,2026-08-20,20,3.49,69.80
196,SKU-APP-801,Performance Running Shoes Men Size 10,WH-SIN-01,2026-08-20,36,110.00,3960.00
197,SKU-APP-802,Breathable Athletic Socks (3-Pack),WH-LON-01,2026-08-20,32,12.99,415.68
198,SKU-APP-803,Waterproof Outdoor Jacket XL,WH-DXB-01,2026-08-20,9,125.00,1125.00
199,SKU-IND-901,High-Precision Ball Bearing Set,WH-SIN-01,2026-08-20,42,45.00,1890.00
200,SKU-IND-902,Industrial Hydraulic Pressure Valve,WH-SIN-01,2026-08-20,27,210.00,5670.00
201,SKU-PHA-501,Paracetamol 500mg Tablets (100s),WH-SIN-01,2026-08-19,32,12.00,384.00
202,SKU-PHA-502,Amoxicillin 250mg Antibiotic,WH-SIN-01,2026-08-19,27,24.50,661.50
203,SKU-PHA-503,Ibuprofen 400mg Anti-inflammatory,WH-SIN-01,2026-08-19,8,9.99,79.92
204,SKU-PHA-504,Vitamin C 1000mg Effervescent,WH-FRA-01,2026-08-19,41,7.50,307.50
205,SKU-PHA-505,Digital Infrared Thermometer,WH-LON-01,2026-08-19,34,39.99,1359.66
206,SKU-ELEC-601,Wireless Active Noise-Canceling Headphones,WH-SIN-01,2026-08-19,21,129.99,2729.79
207,SKU-ELEC-602,Smart USB-C Fast Charger 65W,WH-FRA-01,2026-08-19,41,34.99,1434.59
208,SKU-ELEC-603,Bluetooth Portable Speaker 20W,WH-LON-01,2026-08-19,18,59.99,1079.82
209,SKU-ELEC-604,Ultra-Wide 27-inch 4K Monitor,WH-NYC-01,2026-08-19,11,349.99,3849.89
210,SKU-ELEC-605,Mechanical Gaming Keyboard RGB,WH-DXB-01,2026-08-19,34,89.99,3059.66
211,SKU-FMCG-701,Organic Almond Milk 1L,WH-FRA-01,2026-08-19,32,4.50,144.00
212,SKU-FMCG-702,Premium Arabica Coffee Beans 500g,WH-LON-01,2026-08-19,44,16.99,747.56
213,SKU-FMCG-703,Extra Virgin Olive Oil 750ml,WH-FRA-01,2026-08-19,36,13.50,486.00
214,SKU-FMCG-704,Gluten-Free Oats 1kg,WH-FRA-01,2026-08-19,19,5.25,99.75
215,SKU-FMCG-705,Dark Chocolate 85% Cocoa 100g,WH-NYC-01,2026-08-19,21,3.49,73.29
216,SKU-APP-801,Performance Running Shoes Men Size 10,WH-FRA-01,2026-08-19,19,110.00,2090.00
217,SKU-APP-802,Breathable Athletic Socks (3-Pack),WH-SIN-01,2026-08-19,30,12.99,389.70
218,SKU-APP-803,Waterproof Outdoor Jacket XL,WH-SIN-01,2026-08-19,7,125.00,875.00
219,SKU-IND-901,High-Precision Ball Bearing Set,WH-DXB-01,2026-08-19,27,45.00,1215.00
220,SKU-IND-902,Industrial Hydraulic Pressure Valve,WH-SIN-01,2026-08-19,20,210.00,4200.00
221,SKU-PHA-501,Paracetamol 500mg Tablets (100s),WH-FRA-01,2026-08-18,21,12.00,252.00
222,SKU-PHA-502,Amoxicillin 250mg Antibiotic,WH-LON-01,2026-08-18,13,24.50,318.50
223,SKU-PHA-503,Ibuprofen 400mg Anti-inflammatory,WH-FRA-01,2026-08-18,32,9.99,319.68
224,SKU-PHA-504,Vitamin C 1000mg Effervescent,WH-LON-01,2026-08-18,25,7.50,187.50
225,SKU-PHA-505,Digital Infrared Thermometer,WH-DXB-01,2026-08-18,16,39.99,639.84
226,SKU-ELEC-601,Wireless Active Noise-Canceling Headphones,WH-FRA-01,2026-08-18,14,129.99,1819.86
227,SKU-ELEC-602,Smart USB-C Fast Charger 65W,WH-NYC-01,2026-08-18,24,34.99,839.76
228,SKU-ELEC-603,Bluetooth Portable Speaker 20W,WH-SIN-01,2026-08-18,42,59.99,2519.58
229,SKU-ELEC-604,Ultra-Wide 27-inch 4K Monitor,WH-SIN-01,2026-08-18,44,349.99,15399.56
230,SKU-ELEC-605,Mechanical Gaming Keyboard RGB,WH-LON-01,2026-08-18,21,89.99,1889.79
231,SKU-FMCG-701,Organic Almond Milk 1L,WH-FRA-01,2026-08-18,12,4.50,54.00
232,SKU-FMCG-702,Premium Arabica Coffee Beans 500g,WH-FRA-01,2026-08-18,33,16.99,560.67
233,SKU-FMCG-703,Extra Virgin Olive Oil 750ml,WH-DXB-01,2026-08-18,42,13.50,567.00
234,SKU-FMCG-704,Gluten-Free Oats 1kg,WH-DXB-01,2026-08-18,22,5.25,115.50
235,SKU-FMCG-705,Dark Chocolate 85% Cocoa 100g,WH-NYC-01,2026-08-18,20,3.49,69.80
236,SKU-APP-801,Performance Running Shoes Men Size 10,WH-SIN-01,2026-08-18,29,110.00,3190.00
237,SKU-APP-802,Breathable Athletic Socks (3-Pack),WH-NYC-01,2026-08-18,27,12.99,350.73
238,SKU-APP-803,Waterproof Outdoor Jacket XL,WH-FRA-01,2026-08-18,36,125.00,4500.00
239,SKU-IND-901,High-Precision Ball Bearing Set,WH-LON-01,2026-08-18,22,45.00,990.00
240,SKU-IND-902,Industrial Hydraulic Pressure Valve,WH-LON-01,2026-08-18,44,210.00,9240.00
241,SKU-PHA-501,Paracetamol 500mg Tablets (100s),WH-SIN-01,2026-08-17,21,12.00,252.00
242,SKU-PHA-502,Amoxicillin 250mg Antibiotic,WH-LON-01,2026-08-17,5,24.50,122.50
243,SKU-PHA-503,Ibuprofen 400mg Anti-inflammatory,WH-FRA-01,2026-08-17,9,9.99,89.91
244,SKU-PHA-504,Vitamin C 1000mg Effervescent,WH-DXB-01,2026-08-17,30,7.50,225.00
245,SKU-PHA-505,Digital Infrared Thermometer,WH-FRA-01,2026-08-17,11,39.99,439.89
246,SKU-ELEC-601,Wireless Active Noise-Canceling Headphones,WH-LON-01,2026-08-17,34,129.99,4419.66
247,SKU-ELEC-602,Smart USB-C Fast Charger 65W,WH-FRA-01,2026-08-17,14,34.99,489.86
248,SKU-ELEC-603,Bluetooth Portable Speaker 20W,WH-FRA-01,2026-08-17,29,59.99,1739.71
249,SKU-ELEC-604,Ultra-Wide 27-inch 4K Monitor,WH-NYC-01,2026-08-17,6,349.99,2099.94
250,SKU-ELEC-605,Mechanical Gaming Keyboard RGB,WH-SIN-01,2026-08-17,6,89.99,539.94
251,SKU-FMCG-701,Organic Almond Milk 1L,WH-FRA-01,2026-08-17,26,4.50,117.00
252,SKU-FMCG-702,Premium Arabica Coffee Beans 500g,WH-NYC-01,2026-08-17,11,16.99,186.89
253,SKU-FMCG-703,Extra Virgin Olive Oil 750ml,WH-LON-01,2026-08-17,41,13.50,553.50
254,SKU-FMCG-704,Gluten-Free Oats 1kg,WH-FRA-01,2026-08-17,31,5.25,162.75
255,SKU-FMCG-705,Dark Chocolate 85% Cocoa 100g,WH-LON-01,2026-08-17,28,3.49,97.72
256,SKU-APP-801,Performance Running Shoes Men Size 10,WH-FRA-01,2026-08-17,22,110.00,2420.00
257,SKU-APP-802,Breathable Athletic Socks (3-Pack),WH-FRA-01,2026-08-17,38,12.99,493.62
258,SKU-APP-803,Waterproof Outdoor Jacket XL,WH-LON-01,2026-08-17,21,125.00,2625.00
259,SKU-IND-901,High-Precision Ball Bearing Set,WH-NYC-01,2026-08-17,42,45.00,1890.00
260,SKU-IND-902,Industrial Hydraulic Pressure Valve,WH-SIN-01,2026-08-17,5,210.00,1050.00
261,SKU-PHA-501,Paracetamol 500mg Tablets (100s),WH-DXB-01,2026-08-16,15,12.00,180.00
262,SKU-PHA-502,Amoxicillin 250mg Antibiotic,WH-LON-01,2026-08-16,36,24.50,882.00
263,SKU-PHA-503,Ibuprofen 400mg Anti-inflammatory,WH-DXB-01,2026-08-16,30,9.99,299.70
264,SKU-PHA-504,Vitamin C 1000mg Effervescent,WH-LON-01,2026-08-16,33,7.50,247.50
265,SKU-PHA-505,Digital Infrared Thermometer,WH-NYC-01,2026-08-16,10,39.99,399.90
266,SKU-ELEC-601,Wireless Active Noise-Canceling Headphones,WH-SIN-01,2026-08-16,17,129.99,2209.83
267,SKU-ELEC-602,Smart USB-C Fast Charger 65W,WH-DXB-01,2026-08-16,31,34.99,1084.69
268,SKU-ELEC-603,Bluetooth Portable Speaker 20W,WH-DXB-01,2026-08-16,12,59.99,719.88
269,SKU-ELEC-604,Ultra-Wide 27-inch 4K Monitor,WH-DXB-01,2026-08-16,42,349.99,14699.58
270,SKU-ELEC-605,Mechanical Gaming Keyboard RGB,WH-SIN-01,2026-08-16,43,89.99,3869.57
271,SKU-FMCG-701,Organic Almond Milk 1L,WH-SIN-01,2026-08-16,21,4.50,94.50
272,SKU-FMCG-702,Premium Arabica Coffee Beans 500g,WH-FRA-01,2026-08-16,35,16.99,594.65
273,SKU-FMCG-703,Extra Virgin Olive Oil 750ml,WH-FRA-01,2026-08-16,31,13.50,418.50
274,SKU-FMCG-704,Gluten-Free Oats 1kg,WH-FRA-01,2026-08-16,25,5.25,131.25
275,SKU-FMCG-705,Dark Chocolate 85% Cocoa 100g,WH-LON-01,2026-08-16,43,3.49,150.07
276,SKU-APP-801,Performance Running Shoes Men Size 10,WH-FRA-01,2026-08-16,41,110.00,4510.00
277,SKU-APP-802,Breathable Athletic Socks (3-Pack),WH-LON-01,2026-08-16,11,12.99,142.89
278,SKU-APP-803,Waterproof Outdoor Jacket XL,WH-SIN-01,2026-08-16,15,125.00,1875.00
279,SKU-IND-901,High-Precision Ball Bearing Set,WH-DXB-01,2026-08-16,44,45.00,1980.00
280,SKU-IND-902,Industrial Hydraulic Pressure Valve,WH-SIN-01,2026-08-16,16,210.00,3360.00
281,SKU-PHA-501,Paracetamol 500mg Tablets (100s),WH-FRA-01,2026-08-15,25,12.00,300.00
282,SKU-PHA-502,Amoxicillin 250mg Antibiotic,WH-SIN-01,2026-08-15,24,24.50,588.00
283,SKU-PHA-503,Ibuprofen 400mg Anti-inflammatory,WH-SIN-01,2026-08-15,12,9.99,119.88
284,SKU-PHA-504,Vitamin C 1000mg Effervescent,WH-DXB-01,2026-08-15,15,7.50,112.50
285,SKU-PHA-505,Digital Infrared Thermometer,WH-NYC-01,2026-08-15,16,39.99,639.84
286,SKU-ELEC-601,Wireless Active Noise-Canceling Headphones,WH-NYC-01,2026-08-15,13,129.99,1689.87
287,SKU-ELEC-602,Smart USB-C Fast Charger 65W,WH-DXB-01,2026-08-15,13,34.99,454.87
288,SKU-ELEC-603,Bluetooth Portable Speaker 20W,WH-LON-01,2026-08-15,42,59.99,2519.58
289,SKU-ELEC-604,Ultra-Wide 27-inch 4K Monitor,WH-DXB-01,2026-08-15,5,349.99,1749.95
290,SKU-ELEC-605,Mechanical Gaming Keyboard RGB,WH-LON-01,2026-08-15,34,89.99,3059.66
291,SKU-FMCG-701,Organic Almond Milk 1L,WH-FRA-01,2026-08-15,43,4.50,193.50
292,SKU-FMCG-702,Premium Arabica Coffee Beans 500g,WH-LON-01,2026-08-15,29,16.99,492.71
293,SKU-FMCG-703,Extra Virgin Olive Oil 750ml,WH-FRA-01,2026-08-15,9,13.50,121.50
294,SKU-FMCG-704,Gluten-Free Oats 1kg,WH-SIN-01,2026-08-15,37,5.25,194.25
295,SKU-FMCG-705,Dark Chocolate 85% Cocoa 100g,WH-FRA-01,2026-08-15,31,3.49,108.19
296,SKU-APP-801,Performance Running Shoes Men Size 10,WH-FRA-01,2026-08-15,7,110.00,770.00
297,SKU-APP-802,Breathable Athletic Socks (3-Pack),WH-DXB-01,2026-08-15,24,12.99,311.76
298,SKU-APP-803,Waterproof Outdoor Jacket XL,WH-SIN-01,2026-08-15,28,125.00,3500.00
299,SKU-IND-901,High-Precision Ball Bearing Set,WH-FRA-01,2026-08-15,44,45.00,1980.00
300,SKU-IND-902,Industrial Hydraulic Pressure Valve,WH-FRA-01,2026-08-15,14,210.00,2940.00
301,SKU-PHA-501,Paracetamol 500mg Tablets (100s),WH-LON-01,2026-08-14,21,12.00,252.00
302,SKU-PHA-502,Amoxicillin 250mg Antibiotic,WH-FRA-01,2026-08-14,10,24.50,245.00
303,SKU-PHA-503,Ibuprofen 400mg Anti-inflammatory,WH-LON-01,2026-08-14,34,9.99,339.66
304,SKU-PHA-504,Vitamin C 1000mg Effervescent,WH-DXB-01,2026-08-14,44,7.50,330.00
305,SKU-PHA-505,Digital Infrared Thermometer,WH-DXB-01,2026-08-14,19,39.99,759.81
306,SKU-ELEC-601,Wireless Active Noise-Canceling Headphones,WH-DXB-01,2026-08-14,29,129.99,3769.71
307,SKU-ELEC-602,Smart USB-C Fast Charger 65W,WH-FRA-01,2026-08-14,30,34.99,1049.70
308,SKU-ELEC-603,Bluetooth Portable Speaker 20W,WH-FRA-01,2026-08-14,41,59.99,2459.59
309,SKU-ELEC-604,Ultra-Wide 27-inch 4K Monitor,WH-FRA-01,2026-08-14,20,349.99,6999.80
310,SKU-ELEC-605,Mechanical Gaming Keyboard RGB,WH-FRA-01,2026-08-14,40,89.99,3599.60
311,SKU-FMCG-701,Organic Almond Milk 1L,WH-DXB-01,2026-08-14,39,4.50,175.50
312,SKU-FMCG-702,Premium Arabica Coffee Beans 500g,WH-FRA-01,2026-08-14,17,16.99,288.83
313,SKU-FMCG-703,Extra Virgin Olive Oil 750ml,WH-LON-01,2026-08-14,37,13.50,499.50
314,SKU-FMCG-704,Gluten-Free Oats 1kg,WH-DXB-01,2026-08-14,43,5.25,225.75
315,SKU-FMCG-705,Dark Chocolate 85% Cocoa 100g,WH-NYC-01,2026-08-14,34,3.49,118.66
316,SKU-APP-801,Performance Running Shoes Men Size 10,WH-DXB-01,2026-08-14,23,110.00,2530.00
317,SKU-APP-802,Breathable Athletic Socks (3-Pack),WH-NYC-01,2026-08-14,23,12.99,298.77
318,SKU-APP-803,Waterproof Outdoor Jacket XL,WH-FRA-01,2026-08-14,34,125.00,4250.00
319,SKU-IND-901,High-Precision Ball Bearing Set,WH-FRA-01,2026-08-14,15,45.00,675.00
320,SKU-IND-902,Industrial Hydraulic Pressure Valve,WH-NYC-01,2026-08-14,41,210.00,8610.00
321,SKU-PHA-501,Paracetamol 500mg Tablets (100s),WH-SIN-01,2026-08-13,38,12.00,456.00
322,SKU-PHA-502,Amoxicillin 250mg Antibiotic,WH-FRA-01,2026-08-13,29,24.50,710.50
323,SKU-PHA-503,Ibuprofen 400mg Anti-inflammatory,WH-DXB-01,2026-08-13,20,9.99,199.80
324,SKU-PHA-504,Vitamin C 1000mg Effervescent,WH-DXB-01,2026-08-13,40,7.50,300.00
325,SKU-PHA-505,Digital Infrared Thermometer,WH-LON-01,2026-08-13,42,39.99,1679.58
326,SKU-ELEC-601,Wireless Active Noise-Canceling Headphones,WH-NYC-01,2026-08-13,29,129.99,3769.71
327,SKU-ELEC-602,Smart USB-C Fast Charger 65W,WH-FRA-01,2026-08-13,19,34.99,664.81
328,SKU-ELEC-603,Bluetooth Portable Speaker 20W,WH-NYC-01,2026-08-13,26,59.99,1559.74
329,SKU-ELEC-604,Ultra-Wide 27-inch 4K Monitor,WH-LON-01,2026-08-13,23,349.99,8049.77
330,SKU-ELEC-605,Mechanical Gaming Keyboard RGB,WH-LON-01,2026-08-13,7,89.99,629.93
331,SKU-FMCG-701,Organic Almond Milk 1L,WH-DXB-01,2026-08-13,26,4.50,117.00
332,SKU-FMCG-702,Premium Arabica Coffee Beans 500g,WH-NYC-01,2026-08-13,41,16.99,696.59
333,SKU-FMCG-703,Extra Virgin Olive Oil 750ml,WH-SIN-01,2026-08-13,43,13.50,580.50
334,SKU-FMCG-704,Gluten-Free Oats 1kg,WH-SIN-01,2026-08-13,25,5.25,131.25
335,SKU-FMCG-705,Dark Chocolate 85% Cocoa 100g,WH-FRA-01,2026-08-13,34,3.49,118.66
336,SKU-APP-801,Performance Running Shoes Men Size 10,WH-DXB-01,2026-08-13,16,110.00,1760.00
337,SKU-APP-802,Breathable Athletic Socks (3-Pack),WH-LON-01,2026-08-13,9,12.99,116.91
338,SKU-APP-803,Waterproof Outdoor Jacket XL,WH-FRA-01,2026-08-13,26,125.00,3250.00
339,SKU-IND-901,High-Precision Ball Bearing Set,WH-DXB-01,2026-08-13,7,45.00,315.00
340,SKU-IND-902,Industrial Hydraulic Pressure Valve,WH-DXB-01,2026-08-13,12,210.00,2520.00
341,SKU-PHA-501,Paracetamol 500mg Tablets (100s),WH-FRA-01,2026-08-12,26,12.00,312.00
342,SKU-PHA-502,Amoxicillin 250mg Antibiotic,WH-FRA-01,2026-08-12,24,24.50,588.00
343,SKU-PHA-503,Ibuprofen 400mg Anti-inflammatory,WH-LON-01,2026-08-12,10,9.99,99.90
344,SKU-PHA-504,Vitamin C 1000mg Effervescent,WH-LON-01,2026-08-12,21,7.50,157.50
345,SKU-PHA-505,Digital Infrared Thermometer,WH-SIN-01,2026-08-12,31,39.99,1239.69
346,SKU-ELEC-601,Wireless Active Noise-Canceling Headphones,WH-NYC-01,2026-08-12,15,129.99,1949.85
347,SKU-ELEC-602,Smart USB-C Fast Charger 65W,WH-LON-01,2026-08-12,29,34.99,1014.71
348,SKU-ELEC-603,Bluetooth Portable Speaker 20W,WH-LON-01,2026-08-12,13,59.99,779.87
349,SKU-ELEC-604,Ultra-Wide 27-inch 4K Monitor,WH-FRA-01,2026-08-12,16,349.99,5599.84
350,SKU-ELEC-605,Mechanical Gaming Keyboard RGB,WH-SIN-01,2026-08-12,8,89.99,719.92
351,SKU-FMCG-701,Organic Almond Milk 1L,WH-LON-01,2026-08-12,44,4.50,198.00
352,SKU-FMCG-702,Premium Arabica Coffee Beans 500g,WH-NYC-01,2026-08-12,41,16.99,696.59
353,SKU-FMCG-703,Extra Virgin Olive Oil 750ml,WH-DXB-01,2026-08-12,7,13.50,94.50
354,SKU-FMCG-704,Gluten-Free Oats 1kg,WH-LON-01,2026-08-12,5,5.25,26.25
355,SKU-FMCG-705,Dark Chocolate 85% Cocoa 100g,WH-SIN-01,2026-08-12,6,3.49,20.94
356,SKU-APP-801,Performance Running Shoes Men Size 10,WH-DXB-01,2026-08-12,22,110.00,2420.00
357,SKU-APP-802,Breathable Athletic Socks (3-Pack),WH-SIN-01,2026-08-12,24,12.99,311.76
358,SKU-APP-803,Waterproof Outdoor Jacket XL,WH-FRA-01,2026-08-12,35,125.00,4375.00
359,SKU-IND-901,High-Precision Ball Bearing Set,WH-NYC-01,2026-08-12,25,45.00,1125.00
360,SKU-IND-902,Industrial Hydraulic Pressure Valve,WH-FRA-01,2026-08-12,35,210.00,7350.00
361,SKU-PHA-501,Paracetamol 500mg Tablets (100s),WH-FRA-01,2026-08-11,23,12.00,276.00
362,SKU-PHA-502,Amoxicillin 250mg Antibiotic,WH-LON-01,2026-08-11,24,24.50,588.00
363,SKU-PHA-503,Ibuprofen 400mg Anti-inflammatory,WH-DXB-01,2026-08-11,13,9.99,129.87
364,SKU-PHA-504,Vitamin C 1000mg Effervescent,WH-LON-01,2026-08-11,6,7.50,45.00
365,SKU-PHA-505,Digital Infrared Thermometer,WH-NYC-01,2026-08-11,29,39.99,1159.71
366,SKU-ELEC-601,Wireless Active Noise-Canceling Headphones,WH-FRA-01,2026-08-11,34,129.99,4419.66
367,SKU-ELEC-602,Smart USB-C Fast Charger 65W,WH-DXB-01,2026-08-11,32,34.99,1119.68
368,SKU-ELEC-603,Bluetooth Portable Speaker 20W,WH-LON-01,2026-08-11,45,59.99,2699.55
369,SKU-ELEC-604,Ultra-Wide 27-inch 4K Monitor,WH-SIN-01,2026-08-11,31,349.99,10849.69
370,SKU-ELEC-605,Mechanical Gaming Keyboard RGB,WH-FRA-01,2026-08-11,35,89.99,3149.65
371,SKU-FMCG-701,Organic Almond Milk 1L,WH-FRA-01,2026-08-11,27,4.50,121.50
372,SKU-FMCG-702,Premium Arabica Coffee Beans 500g,WH-LON-01,2026-08-11,21,16.99,356.79
373,SKU-FMCG-703,Extra Virgin Olive Oil 750ml,WH-FRA-01,2026-08-11,33,13.50,445.50
374,SKU-FMCG-704,Gluten-Free Oats 1kg,WH-DXB-01,2026-08-11,41,5.25,215.25
375,SKU-FMCG-705,Dark Chocolate 85% Cocoa 100g,WH-DXB-01,2026-08-11,15,3.49,52.35
376,SKU-APP-801,Performance Running Shoes Men Size 10,WH-SIN-01,2026-08-11,29,110.00,3190.00
377,SKU-APP-802,Breathable Athletic Socks (3-Pack),WH-FRA-01,2026-08-11,36,12.99,467.64
378,SKU-APP-803,Waterproof Outdoor Jacket XL,WH-NYC-01,2026-08-11,37,125.00,4625.00
379,SKU-IND-901,High-Precision Ball Bearing Set,WH-DXB-01,2026-08-11,23,45.00,1035.00
380,SKU-IND-902,Industrial Hydraulic Pressure Valve,WH-LON-01,2026-08-11,30,210.00,6300.00
381,SKU-PHA-501,Paracetamol 500mg Tablets (100s),WH-SIN-01,2026-08-10,20,12.00,240.00
382,SKU-PHA-502,Amoxicillin 250mg Antibiotic,WH-SIN-01,2026-08-10,41,24.50,1004.50
383,SKU-PHA-503,Ibuprofen 400mg Anti-inflammatory,WH-DXB-01,2026-08-10,23,9.99,229.77
384,SKU-PHA-504,Vitamin C 1000mg Effervescent,WH-LON-01,2026-08-10,41,7.50,307.50
385,SKU-PHA-505,Digital Infrared Thermometer,WH-SIN-01,2026-08-10,13,39.99,519.87
386,SKU-ELEC-601,Wireless Active Noise-Canceling Headphones,WH-NYC-01,2026-08-10,21,129.99,2729.79
387,SKU-ELEC-602,Smart USB-C Fast Charger 65W,WH-DXB-01,2026-08-10,22,34.99,769.78
388,SKU-ELEC-603,Bluetooth Portable Speaker 20W,WH-DXB-01,2026-08-10,22,59.99,1319.78
389,SKU-ELEC-604,Ultra-Wide 27-inch 4K Monitor,WH-FRA-01,2026-08-10,28,349.99,9799.72
390,SKU-ELEC-605,Mechanical Gaming Keyboard RGB,WH-SIN-01,2026-08-10,37,89.99,3329.63
391,SKU-FMCG-701,Organic Almond Milk 1L,WH-SIN-01,2026-08-10,17,4.50,76.50
392,SKU-FMCG-702,Premium Arabica Coffee Beans 500g,WH-SIN-01,2026-08-10,15,16.99,254.85
393,SKU-FMCG-703,Extra Virgin Olive Oil 750ml,WH-DXB-01,2026-08-10,39,13.50,526.50
394,SKU-FMCG-704,Gluten-Free Oats 1kg,WH-DXB-01,2026-08-10,10,5.25,52.50
395,SKU-FMCG-705,Dark Chocolate 85% Cocoa 100g,WH-FRA-01,2026-08-10,21,3.49,73.29
396,SKU-APP-801,Performance Running Shoes Men Size 10,WH-DXB-01,2026-08-10,34,110.00,3740.00
397,SKU-APP-802,Breathable Athletic Socks (3-Pack),WH-DXB-01,2026-08-10,16,12.99,207.84
398,SKU-APP-803,Waterproof Outdoor Jacket XL,WH-FRA-01,2026-08-10,13,125.00,1625.00
399,SKU-IND-901,High-Precision Ball Bearing Set,WH-SIN-01,2026-08-10,5,45.00,225.00
400,SKU-IND-902,Industrial Hydraulic Pressure Valve,WH-LON-01,2026-08-10,18,210.00,3780.00
401,SKU-PHA-501,Paracetamol 500mg Tablets (100s),WH-NYC-01,2026-08-09,34,12.00,408.00
402,SKU-PHA-502,Amoxicillin 250mg Antibiotic,WH-DXB-01,2026-08-09,42,24.50,1029.00
403,SKU-PHA-503,Ibuprofen 400mg Anti-inflammatory,WH-FRA-01,2026-08-09,5,9.99,49.95
404,SKU-PHA-504,Vitamin C 1000mg Effervescent,WH-LON-01,2026-08-09,15,7.50,112.50
405,SKU-PHA-505,Digital Infrared Thermometer,WH-DXB-01,2026-08-09,33,39.99,1319.67
406,SKU-ELEC-601,Wireless Active Noise-Canceling Headphones,WH-SIN-01,2026-08-09,33,129.99,4289.67
407,SKU-ELEC-602,Smart USB-C Fast Charger 65W,WH-DXB-01,2026-08-09,38,34.99,1329.62
408,SKU-ELEC-603,Bluetooth Portable Speaker 20W,WH-FRA-01,2026-08-09,12,59.99,719.88
409,SKU-ELEC-604,Ultra-Wide 27-inch 4K Monitor,WH-NYC-01,2026-08-09,13,349.99,4549.87
410,SKU-ELEC-605,Mechanical Gaming Keyboard RGB,WH-NYC-01,2026-08-09,32,89.99,2879.68
411,SKU-FMCG-701,Organic Almond Milk 1L,WH-LON-01,2026-08-09,10,4.50,45.00
412,SKU-FMCG-702,Premium Arabica Coffee Beans 500g,WH-LON-01,2026-08-09,33,16.99,560.67
413,SKU-FMCG-703,Extra Virgin Olive Oil 750ml,WH-DXB-01,2026-08-09,43,13.50,580.50
414,SKU-FMCG-704,Gluten-Free Oats 1kg,WH-FRA-01,2026-08-09,11,5.25,57.75
415,SKU-FMCG-705,Dark Chocolate 85% Cocoa 100g,WH-FRA-01,2026-08-09,9,3.49,31.41
416,SKU-APP-801,Performance Running Shoes Men Size 10,WH-NYC-01,2026-08-09,38,110.00,4180.00
417,SKU-APP-802,Breathable Athletic Socks (3-Pack),WH-NYC-01,2026-08-09,29,12.99,376.71
418,SKU-APP-803,Waterproof Outdoor Jacket XL,WH-DXB-01,2026-08-09,32,125.00,4000.00
419,SKU-IND-901,High-Precision Ball Bearing Set,WH-NYC-01,2026-08-09,38,45.00,1710.00
420,SKU-IND-902,Industrial Hydraulic Pressure Valve,WH-NYC-01,2026-08-09,23,210.00,4830.00
421,SKU-PHA-501,Paracetamol 500mg Tablets (100s),WH-DXB-01,2026-08-08,18,12.00,216.00
422,SKU-PHA-502,Amoxicillin 250mg Antibiotic,WH-FRA-01,2026-08-08,11,24.50,269.50
423,SKU-PHA-503,Ibuprofen 400mg Anti-inflammatory,WH-NYC-01,2026-08-08,16,9.99,159.84
424,SKU-PHA-504,Vitamin C 1000mg Effervescent,WH-LON-01,2026-08-08,23,7.50,172.50
425,SKU-PHA-505,Digital Infrared Thermometer,WH-NYC-01,2026-08-08,38,39.99,1519.62
426,SKU-ELEC-601,Wireless Active Noise-Canceling Headphones,WH-DXB-01,2026-08-08,24,129.99,3119.76
427,SKU-ELEC-602,Smart USB-C Fast Charger 65W,WH-DXB-01,2026-08-08,45,34.99,1574.55
428,SKU-ELEC-603,Bluetooth Portable Speaker 20W,WH-LON-01,2026-08-08,24,59.99,1439.76
429,SKU-ELEC-604,Ultra-Wide 27-inch 4K Monitor,WH-SIN-01,2026-08-08,20,349.99,6999.80
430,SKU-ELEC-605,Mechanical Gaming Keyboard RGB,WH-LON-01,2026-08-08,17,89.99,1529.83
431,SKU-FMCG-701,Organic Almond Milk 1L,WH-NYC-01,2026-08-08,37,4.50,166.50
432,SKU-FMCG-702,Premium Arabica Coffee Beans 500g,WH-LON-01,2026-08-08,23,16.99,390.77
433,SKU-FMCG-703,Extra Virgin Olive Oil 750ml,WH-DXB-01,2026-08-08,43,13.50,580.50
434,SKU-FMCG-704,Gluten-Free Oats 1kg,WH-SIN-01,2026-08-08,19,5.25,99.75
435,SKU-FMCG-705,Dark Chocolate 85% Cocoa 100g,WH-LON-01,2026-08-08,9,3.49,31.41
436,SKU-APP-801,Performance Running Shoes Men Size 10,WH-LON-01,2026-08-08,27,110.00,2970.00
437,SKU-APP-802,Breathable Athletic Socks (3-Pack),WH-FRA-01,2026-08-08,10,12.99,129.90
438,SKU-APP-803,Waterproof Outdoor Jacket XL,WH-LON-01,2026-08-08,44,125.00,5500.00
439,SKU-IND-901,High-Precision Ball Bearing Set,WH-DXB-01,2026-08-08,13,45.00,585.00
440,SKU-IND-902,Industrial Hydraulic Pressure Valve,WH-SIN-01,2026-08-08,41,210.00,8610.00
441,SKU-PHA-501,Paracetamol 500mg Tablets (100s),WH-FRA-01,2026-08-07,12,12.00,144.00
442,SKU-PHA-502,Amoxicillin 250mg Antibiotic,WH-NYC-01,2026-08-07,17,24.50,416.50
443,SKU-PHA-503,Ibuprofen 400mg Anti-inflammatory,WH-LON-01,2026-08-07,9,9.99,89.91
444,SKU-PHA-504,Vitamin C 1000mg Effervescent,WH-NYC-01,2026-08-07,44,7.50,330.00
445,SKU-PHA-505,Digital Infrared Thermometer,WH-LON-01,2026-08-07,7,39.99,279.93
446,SKU-ELEC-601,Wireless Active Noise-Canceling Headphones,WH-SIN-01,2026-08-07,23,129.99,2989.77
447,SKU-ELEC-602,Smart USB-C Fast Charger 65W,WH-SIN-01,2026-08-07,39,34.99,1364.61
448,SKU-ELEC-603,Bluetooth Portable Speaker 20W,WH-FRA-01,2026-08-07,35,59.99,2099.65
449,SKU-ELEC-604,Ultra-Wide 27-inch 4K Monitor,WH-LON-01,2026-08-07,36,349.99,12599.64
450,SKU-ELEC-605,Mechanical Gaming Keyboard RGB,WH-DXB-01,2026-08-07,18,89.99,1619.82
451,SKU-FMCG-701,Organic Almond Milk 1L,WH-NYC-01,2026-08-07,33,4.50,148.50
452,SKU-FMCG-702,Premium Arabica Coffee Beans 500g,WH-LON-01,2026-08-07,6,16.99,101.94
453,SKU-FMCG-703,Extra Virgin Olive Oil 750ml,WH-NYC-01,2026-08-07,39,13.50,526.50
454,SKU-FMCG-704,Gluten-Free Oats 1kg,WH-LON-01,2026-08-07,21,5.25,110.25
455,SKU-FMCG-705,Dark Chocolate 85% Cocoa 100g,WH-SIN-01,2026-08-07,10,3.49,34.90
456,SKU-APP-801,Performance Running Shoes Men Size 10,WH-FRA-01,2026-08-07,17,110.00,1870.00
457,SKU-APP-802,Breathable Athletic Socks (3-Pack),WH-LON-01,2026-08-07,29,12.99,376.71
458,SKU-APP-803,Waterproof Outdoor Jacket XL,WH-SIN-01,2026-08-07,37,125.00,4625.00
459,SKU-IND-901,High-Precision Ball Bearing Set,WH-NYC-01,2026-08-07,18,45.00,810.00
460,SKU-IND-902,Industrial Hydraulic Pressure Valve,WH-NYC-01,2026-08-07,33,210.00,6930.00
461,SKU-PHA-501,Paracetamol 500mg Tablets (100s),WH-LON-01,2026-08-06,31,12.00,372.00
462,SKU-PHA-502,Amoxicillin 250mg Antibiotic,WH-SIN-01,2026-08-06,18,24.50,441.00
463,SKU-PHA-503,Ibuprofen 400mg Anti-inflammatory,WH-LON-01,2026-08-06,13,9.99,129.87
464,SKU-PHA-504,Vitamin C 1000mg Effervescent,WH-FRA-01,2026-08-06,21,7.50,157.50
465,SKU-PHA-505,Digital Infrared Thermometer,WH-NYC-01,2026-08-06,20,39.99,799.80
466,SKU-ELEC-601,Wireless Active Noise-Canceling Headphones,WH-SIN-01,2026-08-06,6,129.99,779.94
467,SKU-ELEC-602,Smart USB-C Fast Charger 65W,WH-DXB-01,2026-08-06,33,34.99,1154.67
468,SKU-ELEC-603,Bluetooth Portable Speaker 20W,WH-LON-01,2026-08-06,37,59.99,2219.63
469,SKU-ELEC-604,Ultra-Wide 27-inch 4K Monitor,WH-LON-01,2026-08-06,33,349.99,11549.67
470,SKU-ELEC-605,Mechanical Gaming Keyboard RGB,WH-NYC-01,2026-08-06,9,89.99,809.91
471,SKU-FMCG-701,Organic Almond Milk 1L,WH-DXB-01,2026-08-06,22,4.50,99.00
472,SKU-FMCG-702,Premium Arabica Coffee Beans 500g,WH-NYC-01,2026-08-06,35,16.99,594.65
473,SKU-FMCG-703,Extra Virgin Olive Oil 750ml,WH-SIN-01,2026-08-06,9,13.50,121.50
474,SKU-FMCG-704,Gluten-Free Oats 1kg,WH-NYC-01,2026-08-06,38,5.25,199.50
475,SKU-FMCG-705,Dark Chocolate 85% Cocoa 100g,WH-NYC-01,2026-08-06,42,3.49,146.58
476,SKU-APP-801,Performance Running Shoes Men Size 10,WH-FRA-01,2026-08-06,7,110.00,770.00
477,SKU-APP-802,Breathable Athletic Socks (3-Pack),WH-DXB-01,2026-08-06,18,12.99,233.82
478,SKU-APP-803,Waterproof Outdoor Jacket XL,WH-LON-01,2026-08-06,16,125.00,2000.00
479,SKU-IND-901,High-Precision Ball Bearing Set,WH-FRA-01,2026-08-06,36,45.00,1620.00
480,SKU-IND-902,Industrial Hydraulic Pressure Valve,WH-FRA-01,2026-08-06,26,210.00,5460.00
481,SKU-PHA-501,Paracetamol 500mg Tablets (100s),WH-SIN-01,2026-08-05,22,12.00,264.00
482,SKU-PHA-502,Amoxicillin 250mg Antibiotic,WH-NYC-01,2026-08-05,37,24.50,906.50
483,SKU-PHA-503,Ibuprofen 400mg Anti-inflammatory,WH-SIN-01,2026-08-05,7,9.99,69.93
484,SKU-PHA-504,Vitamin C 1000mg Effervescent,WH-NYC-01,2026-08-05,40,7.50,300.00
485,SKU-PHA-505,Digital Infrared Thermometer,WH-SIN-01,2026-08-05,45,39.99,1799.55
486,SKU-ELEC-601,Wireless Active Noise-Canceling Headphones,WH-LON-01,2026-08-05,32,129.99,4159.68
487,SKU-ELEC-602,Smart USB-C Fast Charger 65W,WH-LON-01,2026-08-05,41,34.99,1434.59
488,SKU-ELEC-603,Bluetooth Portable Speaker 20W,WH-DXB-01,2026-08-05,43,59.99,2579.57
489,SKU-ELEC-604,Ultra-Wide 27-inch 4K Monitor,WH-SIN-01,2026-08-05,16,349.99,5599.84
490,SKU-ELEC-605,Mechanical Gaming Keyboard RGB,WH-SIN-01,2026-08-05,9,89.99,809.91
491,SKU-FMCG-701,Organic Almond Milk 1L,WH-DXB-01,2026-08-05,12,4.50,54.00
492,SKU-FMCG-702,Premium Arabica Coffee Beans 500g,WH-DXB-01,2026-08-05,40,16.99,679.60
493,SKU-FMCG-703,Extra Virgin Olive Oil 750ml,WH-DXB-01,2026-08-05,9,13.50,121.50
494,SKU-FMCG-704,Gluten-Free Oats 1kg,WH-FRA-01,2026-08-05,30,5.25,157.50
495,SKU-FMCG-705,Dark Chocolate 85% Cocoa 100g,WH-SIN-01,2026-08-05,32,3.49,111.68
496,SKU-APP-801,Performance Running Shoes Men Size 10,WH-DXB-01,2026-08-05,43,110.00,4730.00
497,SKU-APP-802,Breathable Athletic Socks (3-Pack),WH-FRA-01,2026-08-05,27,12.99,350.73
498,SKU-APP-803,Waterproof Outdoor Jacket XL,WH-LON-01,2026-08-05,34,125.00,4250.00
499,SKU-IND-901,High-Precision Ball Bearing Set,WH-SIN-01,2026-08-05,31,45.00,1395.00
500,SKU-IND-902,Industrial Hydraulic Pressure Valve,WH-FRA-01,2026-08-05,6,210.00,1260.00
501,SKU-PHA-501,Paracetamol 500mg Tablets (100s),WH-DXB-01,2026-08-04,17,12.00,204.00
502,SKU-PHA-502,Amoxicillin 250mg Antibiotic,WH-SIN-01,2026-08-04,26,24.50,637.00
503,SKU-PHA-503,Ibuprofen 400mg Anti-inflammatory,WH-NYC-01,2026-08-04,33,9.99,329.67
504,SKU-PHA-504,Vitamin C 1000mg Effervescent,WH-SIN-01,2026-08-04,35,7.50,262.50
505,SKU-PHA-505,Digital Infrared Thermometer,WH-SIN-01,2026-08-04,41,39.99,1639.59
506,SKU-ELEC-601,Wireless Active Noise-Canceling Headphones,WH-LON-01,2026-08-04,24,129.99,3119.76
507,SKU-ELEC-602,Smart USB-C Fast Charger 65W,WH-FRA-01,2026-08-04,7,34.99,244.93
508,SKU-ELEC-603,Bluetooth Portable Speaker 20W,WH-SIN-01,2026-08-04,7,59.99,419.93
509,SKU-ELEC-604,Ultra-Wide 27-inch 4K Monitor,WH-SIN-01,2026-08-04,12,349.99,4199.88
510,SKU-ELEC-605,Mechanical Gaming Keyboard RGB,WH-DXB-01,2026-08-04,5,89.99,449.95
511,SKU-FMCG-701,Organic Almond Milk 1L,WH-SIN-01,2026-08-04,31,4.50,139.50
512,SKU-FMCG-702,Premium Arabica Coffee Beans 500g,WH-SIN-01,2026-08-04,32,16.99,543.68
513,SKU-FMCG-703,Extra Virgin Olive Oil 750ml,WH-NYC-01,2026-08-04,7,13.50,94.50
514,SKU-FMCG-704,Gluten-Free Oats 1kg,WH-DXB-01,2026-08-04,24,5.25,126.00
515,SKU-FMCG-705,Dark Chocolate 85% Cocoa 100g,WH-FRA-01,2026-08-04,32,3.49,111.68
516,SKU-APP-801,Performance Running Shoes Men Size 10,WH-DXB-01,2026-08-04,30,110.00,3300.00
517,SKU-APP-802,Breathable Athletic Socks (3-Pack),WH-SIN-01,2026-08-04,27,12.99,350.73
518,SKU-APP-803,Waterproof Outdoor Jacket XL,WH-FRA-01,2026-08-04,12,125.00,1500.00
519,SKU-IND-901,High-Precision Ball Bearing Set,WH-LON-01,2026-08-04,37,45.00,1665.00
520,SKU-IND-902,Industrial Hydraulic Pressure Valve,WH-FRA-01,2026-08-04,11,210.00,2310.00
521,SKU-PHA-501,Paracetamol 500mg Tablets (100s),WH-DXB-01,2026-08-03,27,12.00,324.00
522,SKU-PHA-502,Amoxicillin 250mg Antibiotic,WH-FRA-01,2026-08-03,5,24.50,122.50
523,SKU-PHA-503,Ibuprofen 400mg Anti-inflammatory,WH-DXB-01,2026-08-03,43,9.99,429.57
524,SKU-PHA-504,Vitamin C 1000mg Effervescent,WH-LON-01,2026-08-03,38,7.50,285.00
525,SKU-PHA-505,Digital Infrared Thermometer,WH-SIN-01,2026-08-03,39,39.99,1559.61
526,SKU-ELEC-601,Wireless Active Noise-Canceling Headphones,WH-LON-01,2026-08-03,20,129.99,2599.80
527,SKU-ELEC-602,Smart USB-C Fast Charger 65W,WH-NYC-01,2026-08-03,21,34.99,734.79
528,SKU-ELEC-603,Bluetooth Portable Speaker 20W,WH-SIN-01,2026-08-03,35,59.99,2099.65
529,SKU-ELEC-604,Ultra-Wide 27-inch 4K Monitor,WH-NYC-01,2026-08-03,33,349.99,11549.67
530,SKU-ELEC-605,Mechanical Gaming Keyboard RGB,WH-LON-01,2026-08-03,34,89.99,3059.66
531,SKU-FMCG-701,Organic Almond Milk 1L,WH-DXB-01,2026-08-03,22,4.50,99.00
532,SKU-FMCG-702,Premium Arabica Coffee Beans 500g,WH-SIN-01,2026-08-03,43,16.99,730.57
533,SKU-FMCG-703,Extra Virgin Olive Oil 750ml,WH-LON-01,2026-08-03,29,13.50,391.50
534,SKU-FMCG-704,Gluten-Free Oats 1kg,WH-DXB-01,2026-08-03,26,5.25,136.50
535,SKU-FMCG-705,Dark Chocolate 85% Cocoa 100g,WH-FRA-01,2026-08-03,32,3.49,111.68
536,SKU-APP-801,Performance Running Shoes Men Size 10,WH-FRA-01,2026-08-03,6,110.00,660.00
537,SKU-APP-802,Breathable Athletic Socks (3-Pack),WH-NYC-01,2026-08-03,32,12.99,415.68
538,SKU-APP-803,Waterproof Outdoor Jacket XL,WH-SIN-01,2026-08-03,13,125.00,1625.00
539,SKU-IND-901,High-Precision Ball Bearing Set,WH-NYC-01,2026-08-03,11,45.00,495.00
540,SKU-IND-902,Industrial Hydraulic Pressure Valve,WH-LON-01,2026-08-03,24,210.00,5040.00
541,SKU-PHA-501,Paracetamol 500mg Tablets (100s),WH-NYC-01,2026-08-02,33,12.00,396.00
542,SKU-PHA-502,Amoxicillin 250mg Antibiotic,WH-SIN-01,2026-08-02,29,24.50,710.50
543,SKU-PHA-503,Ibuprofen 400mg Anti-inflammatory,WH-SIN-01,2026-08-02,41,9.99,409.59
544,SKU-PHA-504,Vitamin C 1000mg Effervescent,WH-DXB-01,2026-08-02,43,7.50,322.50
545,SKU-PHA-505,Digital Infrared Thermometer,WH-DXB-01,2026-08-02,37,39.99,1479.63
546,SKU-ELEC-601,Wireless Active Noise-Canceling Headphones,WH-FRA-01,2026-08-02,29,129.99,3769.71
547,SKU-ELEC-602,Smart USB-C Fast Charger 65W,WH-FRA-01,2026-08-02,12,34.99,419.88
548,SKU-ELEC-603,Bluetooth Portable Speaker 20W,WH-NYC-01,2026-08-02,41,59.99,2459.59
549,SKU-ELEC-604,Ultra-Wide 27-inch 4K Monitor,WH-FRA-01,2026-08-02,7,349.99,2449.93
550,SKU-ELEC-605,Mechanical Gaming Keyboard RGB,WH-DXB-01,2026-08-02,26,89.99,2339.74
551,SKU-FMCG-701,Organic Almond Milk 1L,WH-NYC-01,2026-08-02,38,4.50,171.00
552,SKU-FMCG-702,Premium Arabica Coffee Beans 500g,WH-SIN-01,2026-08-02,23,16.99,390.77
553,SKU-FMCG-703,Extra Virgin Olive Oil 750ml,WH-FRA-01,2026-08-02,24,13.50,324.00
554,SKU-FMCG-704,Gluten-Free Oats 1kg,WH-DXB-01,2026-08-02,19,5.25,99.75
555,SKU-FMCG-705,Dark Chocolate 85% Cocoa 100g,WH-FRA-01,2026-08-02,37,3.49,129.13
556,SKU-APP-801,Performance Running Shoes Men Size 10,WH-NYC-01,2026-08-02,30,110.00,3300.00
557,SKU-APP-802,Breathable Athletic Socks (3-Pack),WH-SIN-01,2026-08-02,35,12.99,454.65
558,SKU-APP-803,Waterproof Outdoor Jacket XL,WH-SIN-01,2026-08-02,17,125.00,2125.00
559,SKU-IND-901,High-Precision Ball Bearing Set,WH-SIN-01,2026-08-02,29,45.00,1305.00
560,SKU-IND-902,Industrial Hydraulic Pressure Valve,WH-SIN-01,2026-08-02,35,210.00,7350.00
561,SKU-PHA-501,Paracetamol 500mg Tablets (100s),WH-DXB-01,2026-08-01,5,12.00,60.00
562,SKU-PHA-502,Amoxicillin 250mg Antibiotic,WH-FRA-01,2026-08-01,13,24.50,318.50
563,SKU-PHA-503,Ibuprofen 400mg Anti-inflammatory,WH-DXB-01,2026-08-01,32,9.99,319.68
564,SKU-PHA-504,Vitamin C 1000mg Effervescent,WH-NYC-01,2026-08-01,6,7.50,45.00
565,SKU-PHA-505,Digital Infrared Thermometer,WH-SIN-01,2026-08-01,30,39.99,1199.70
566,SKU-ELEC-601,Wireless Active Noise-Canceling Headphones,WH-NYC-01,2026-08-01,24,129.99,3119.76
567,SKU-ELEC-602,Smart USB-C Fast Charger 65W,WH-FRA-01,2026-08-01,18,34.99,629.82
568,SKU-ELEC-603,Bluetooth Portable Speaker 20W,WH-FRA-01,2026-08-01,26,59.99,1559.74
569,SKU-ELEC-604,Ultra-Wide 27-inch 4K Monitor,WH-NYC-01,2026-08-01,12,349.99,4199.88
570,SKU-ELEC-605,Mechanical Gaming Keyboard RGB,WH-DXB-01,2026-08-01,28,89.99,2519.72
571,SKU-FMCG-701,Organic Almond Milk 1L,WH-DXB-01,2026-08-01,13,4.50,58.50
572,SKU-FMCG-702,Premium Arabica Coffee Beans 500g,WH-NYC-01,2026-08-01,33,16.99,560.67
573,SKU-FMCG-703,Extra Virgin Olive Oil 750ml,WH-SIN-01,2026-08-01,11,13.50,148.50
574,SKU-FMCG-704,Gluten-Free Oats 1kg,WH-DXB-01,2026-08-01,12,5.25,63.00
575,SKU-FMCG-705,Dark Chocolate 85% Cocoa 100g,WH-FRA-01,2026-08-01,22,3.49,76.78
576,SKU-APP-801,Performance Running Shoes Men Size 10,WH-LON-01,2026-08-01,14,110.00,1540.00
577,SKU-APP-802,Breathable Athletic Socks (3-Pack),WH-SIN-01,2026-08-01,29,12.99,376.71
578,SKU-APP-803,Waterproof Outdoor Jacket XL,WH-FRA-01,2026-08-01,25,125.00,3125.00
579,SKU-IND-901,High-Precision Ball Bearing Set,WH-LON-01,2026-08-01,43,45.00,1935.00
580,SKU-IND-902,Industrial Hydraulic Pressure Valve,WH-FRA-01,2026-08-01,37,210.00,7770.00
581,SKU-PHA-501,Paracetamol 500mg Tablets (100s),WH-SIN-01,2026-07-31,20,12.00,240.00
582,SKU-PHA-502,Amoxicillin 250mg Antibiotic,WH-SIN-01,2026-07-31,28,24.50,686.00
583,SKU-PHA-503,Ibuprofen 400mg Anti-inflammatory,WH-SIN-01,2026-07-31,36,9.99,359.64
584,SKU-PHA-504,Vitamin C 1000mg Effervescent,WH-DXB-01,2026-07-31,8,7.50,60.00
585,SKU-PHA-505,Digital Infrared Thermometer,WH-DXB-01,2026-07-31,10,39.99,399.90
586,SKU-ELEC-601,Wireless Active Noise-Canceling Headphones,WH-DXB-01,2026-07-31,44,129.99,5719.56
587,SKU-ELEC-602,Smart USB-C Fast Charger 65W,WH-FRA-01,2026-07-31,13,34.99,454.87
588,SKU-ELEC-603,Bluetooth Portable Speaker 20W,WH-DXB-01,2026-07-31,35,59.99,2099.65
589,SKU-ELEC-604,Ultra-Wide 27-inch 4K Monitor,WH-NYC-01,2026-07-31,37,349.99,12949.63
590,SKU-ELEC-605,Mechanical Gaming Keyboard RGB,WH-DXB-01,2026-07-31,18,89.99,1619.82
591,SKU-FMCG-701,Organic Almond Milk 1L,WH-FRA-01,2026-07-31,11,4.50,49.50
592,SKU-FMCG-702,Premium Arabica Coffee Beans 500g,WH-LON-01,2026-07-31,16,16.99,271.84
593,SKU-FMCG-703,Extra Virgin Olive Oil 750ml,WH-SIN-01,2026-07-31,27,13.50,364.50
594,SKU-FMCG-704,Gluten-Free Oats 1kg,WH-LON-01,2026-07-31,33,5.25,173.25
595,SKU-FMCG-705,Dark Chocolate 85% Cocoa 100g,WH-FRA-01,2026-07-31,14,3.49,48.86
596,SKU-APP-801,Performance Running Shoes Men Size 10,WH-LON-01,2026-07-31,23,110.00,2530.00
597,SKU-APP-802,Breathable Athletic Socks (3-Pack),WH-FRA-01,2026-07-31,37,12.99,480.63
598,SKU-APP-803,Waterproof Outdoor Jacket XL,WH-FRA-01,2026-07-31,32,125.00,4000.00
599,SKU-IND-901,High-Precision Ball Bearing Set,WH-FRA-01,2026-07-31,22,45.00,990.00
600,SKU-IND-902,Industrial Hydraulic Pressure Valve,WH-LON-01,2026-07-31,11,210.00,2310.00
